1563436180856934656,-0.03106,0.05199,0.34887,0.72268,0.69048,-0.00775,0.03025,-0.06554,0.20056,0.59193,
1563436180956856064,-0.05269,0.08436,0.47763,0.72396,0.68895,-0.00664,0.03454,-0.09938,0.25918,0.66871,
1563436181056768256,-0.04723,0.09742,0.45534,0.73132,0.68077,0.00348,0.04131,-0.08300,0.24474,0.46130,
1563436181156681984,-0.03978,0.11308,0.48022,0.73529,0.67622,0.01607,0.04265,-0.08528,0.21521,0.39674,
1563436181256603648,-0.02932,0.12091,0.49265,0.73601,0.67577,0.02782,0.02907,-0.09354,0.12847,0.31480,
1563436181356535296,0.00360,0.12766,0.54377,0.73373,0.67715,0.05484,-0.01043,-0.06256,0.06414,0.29250,
1563436181456476416,0.02432,0.12500,0.56540,0.73163,0.67712,0.06958,-0.03724,-0.03695,-0.00362,0.22619,
1563436183054473472,0.04266,-0.01025,0.10495,0.72831,0.68518,0.00864,0.00450,0.06050,0.00827,0.08613,
1563436183154473472,0.04400,-0.01429,0.09892,0.72946,0.68363,0.02304,-0.00066,0.03261,-0.01463,0.09095,
1563436183254473472,0.04077,-0.01837,0.09697,0.73417,0.67851,0.02394,-0.00617,-0.00756,-0.03075,0.07260,
1563436183354473472,0.03797,-0.02360,0.09396,0.73671,0.67568,0.02580,-0.00741,-0.01800,-0.04953,0.04868,
1563436183454473472,0.03701,-0.02829,0.09716,0.73893,0.67334,0.02144,-0.01148,-0.02011,-0.04921,0.05533,
1563436183554473472,0.03828,-0.03036,0.10953,0.74417,0.66762,0.01753,-0.01380,-0.00543,-0.03703,0.08398,
1563436183654473472,0.03345,-0.02654,0.10757,0.75480,0.65588,0.00861,-0.00578,0.00399,-0.02706,0.08068,
1563436183754473472,0.02795,-0.01729,0.10414,0.77147,0.63626,0.00130,-0.00247,0.02266,0.01637,0.07190,
1563436183854473472,0.02994,-0.01074,0.10156,0.77814,0.62789,0.01056,0.01174,0.07239,0.04028,0.03472,
1563436183954473472,0.03281,-0.00616,0.09435,0.78169,0.62258,0.03577,0.00862,0.09199,0.06523,-0.01439,
1563436184054473472,0.04166,0.00515,0.09317,0.78796,0.61082,0.07607,0.01520,0.10228,0.14348,-0.01829,
1563436184154473472,0.05175,0.02435,0.09394,0.79688,0.58989,0.12182,0.04667,0.11139,0.18296,-0.02969,
1563436184254492928,0.06322,0.04769,0.09417,0.79838,0.57249,0.16759,0.08213,0.13108,0.22197,-0.03962,
1563436184354532096,0.07603,0.07181,0.09287,0.78828,0.56212,0.21897,0.12121,0.15263,0.23175,-0.03349,
1563436184454571520,0.08927,0.09005,0.09313,0.76848,0.55977,0.26486,0.16106,0.18839,0.21142,-0.00810,
1563436184554618368,0.09937,0.10318,0.09521,0.74318,0.56237,0.29829,0.20603,0.19998,0.17732,0.00024,
1563436184654669056,0.09962,0.11068,0.10089,0.71314,0.56170,0.32770,0.26180,0.15604,0.13167,0.03830,
1563436184754743296,0.08642,0.10796,0.11282,0.67471,0.57151,0.34336,0.31662,0.09302,0.03449,0.07820,
1563436184854886656,0.06447,0.09788,0.12691,0.64809,0.57309,0.35071,0.35855,0.00885,-0.03614,0.10497,
1563436184959457792,0.05386,0.08076,0.13759,0.63565,0.56748,0.35674,0.38296,-0.00617,-0.14834,0.07819,
1563436185059641856,0.05478,0.06180,0.13750,0.63706,0.56796,0.35671,0.37992,0.03725,-0.25334,0.01747,
1563436185159798528,0.07256,0.03958,0.12229,0.64995,0.57397,0.34489,0.35942,0.11109,-0.30560,-0.07567,
1563436185259911936,0.08941,0.01574,0.11424,0.66788,0.58872,0.32640,0.31752,0.14565,-0.33186,-0.10333,
1563436185359976192,0.10850,-0.00396,0.10129,0.68646,0.60168,0.29641,0.28088,0.18286,-0.32988,-0.07644,
1563436185459949056,0.12563,-0.03341,0.09863,0.70979,0.61588,0.23935,0.24413,0.20034,-0.36186,-0.01187,
1563436185559837440,0.14267,-0.06719,0.09988,0.72912,0.62583,0.17860,0.21171,0.17750,-0.38342,-0.01969,
1563436185659683072,0.16059,-0.10535,0.09778,0.74678,0.63181,0.13696,0.15611,0.16725,-0.40198,-0.05983,
1563436185759542016,0.18072,-0.14292,0.09335,0.75888,0.63817,0.09616,0.08711,0.14425,-0.39068,-0.07743,
1563436185859418368,0.19145,-0.17518,0.08752,0.76194,0.64536,0.04702,0.02751,0.08662,-0.35284,-0.05892,
1563436185959307008,0.19217,-0.19390,0.08558,0.75900,0.65049,-0.01132,-0.02570,0.06251,-0.26823,-0.04227,
1563436186059183872,0.18725,-0.20016,0.09404,0.75423,0.65020,-0.06455,-0.06488,0.01537,-0.18220,-0.00089,
1563436186159101440,0.18176,-0.21937,0.10542,0.74494,0.64124,-0.13839,-0.12138,-0.00693,-0.16096,0.02120,
1563436186259033088,0.16525,-0.22652,0.11692,0.73047,0.63224,-0.19399,-0.17044,-0.04403,-0.07446,0.03216,
1563436186358995968,0.14911,-0.23678,0.11452,0.71463,0.62173,-0.23140,-0.22185,-0.08841,-0.02942,-0.01906,
1563436186458978048,0.12988,-0.24899,0.10795,0.69429,0.61421,-0.26208,-0.26837,-0.13743,0.03927,-0.03300,
1563436186558983680,0.10706,-0.25136,0.10439,0.68275,0.60079,-0.28501,-0.30278,-0.15421,0.08368,-0.02309,
1563436186659037184,0.07202,-0.25200,0.10925,0.66629,0.59500,-0.30493,-0.33023,-0.23466,0.12986,-0.00342,
1563436186759097344,0.02941,-0.24976,0.11536,0.64409,0.57745,-0.34473,-0.36451,-0.28718,0.19542,0.01962,
1563436186859154432,-0.00907,-0.25482,0.11369,0.62912,0.56212,-0.35984,-0.39843,-0.25161,0.17014,-0.00605,
1563436186959201536,-0.02783,-0.24166,0.11022,0.63198,0.56332,-0.33483,-0.41371,-0.19512,0.18401,-0.02759,
1563436187059254016,-0.04710,-0.22826,0.10680,0.63704,0.56458,-0.31588,-0.41911,-0.17520,0.23341,-0.01718,
1563436187159302912,-0.05236,-0.20549,0.10783,0.64903,0.56984,-0.29409,-0.40934,-0.09275,0.29997,0.02884,
1563436187259340544,-0.04105,-0.18071,0.11373,0.67489,0.58363,-0.24374,-0.38011,-0.03265,0.33785,0.03631,
1563436187359373312,-0.03075,-0.15345,0.11951,0.69711,0.59607,-0.18437,-0.35319,-0.01991,0.38291,0.00859,
1563436187457796864,-0.01583,-0.12631,0.11492,0.70973,0.60835,-0.11604,-0.33577,-0.01595,0.40830,-0.04518,
1563436187557785600,0.00753,-0.10731,0.09909,0.71289,0.62302,-0.04952,-0.31810,0.01967,0.40261,-0.10177,
1563436187657762048,0.02908,-0.08370,0.07370,0.71095,0.63326,0.00790,-0.30572,0.02456,0.38885,-0.15311,
1563436187757746176,0.04423,-0.05762,0.05063,0.70651,0.63601,0.04924,-0.30645,0.03730,0.38781,-0.17711,
1563436187857752064,0.05564,-0.03947,0.02935,0.69990,0.63758,0.10019,-0.30594,0.00274,0.35925,-0.20133,
1563436187957749760,0.06806,-0.06112,0.00622,0.69019,0.63370,0.14844,-0.31628,-0.02995,0.26575,-0.20508,
1563436188057750016,0.08775,-0.13981,-0.01125,0.67820,0.62479,0.19286,-0.33539,-0.00895,0.08414,-0.19560,
1563436188157806848,0.08158,-0.15768,-0.02119,0.66910,0.61973,0.22733,-0.34141,0.00025,0.02165,-0.15019,
1563436188257922560,0.07396,-0.15986,-0.03279,0.65919,0.61525,0.26145,-0.34435,-0.04678,-0.00796,-0.12105,
1563436188358068992,0.06850,-0.15766,-0.04314,0.64835,0.60304,0.29290,-0.36084,-0.06964,-0.01499,-0.07902,
1563436188458268928,0.06360,-0.15320,-0.05263,0.64080,0.58473,0.32403,-0.37745,-0.06272,-0.00343,-0.07426,
1563436188558562560,0.05793,-0.15236,-0.05863,0.62954,0.57201,0.35002,-0.39238,-0.04853,-0.00963,-0.07001,
1563436188658934272,0.05649,-0.14977,-0.05491,0.61919,0.56581,0.36755,-0.40170,-0.03013,-0.01809,-0.05136,
1563436188759347712,0.05980,-0.14617,-0.04799,0.61286,0.56230,0.37467,-0.40970,0.03287,-0.00804,-0.01343,
1563436188859758592,0.06595,-0.14397,-0.04846,0.61749,0.55926,0.37478,-0.40679,0.11127,-0.02797,0.00044,
1563436188960130560,0.07953,-0.14456,-0.04979,0.63258,0.55438,0.36683,-0.39741,0.17508,-0.03835,-0.02838,
1563436189060398592,0.09711,-0.14764,-0.06001,0.64705,0.54866,0.35772,-0.39030,0.18603,-0.01879,-0.10142,
1563436189160535552,0.11391,-0.14598,-0.07211,0.65077,0.55117,0.35608,-0.38198,0.18853,0.02212,-0.14375,
1563436189260602112,0.12947,-0.14461,-0.08939,0.65674,0.55501,0.35647,-0.36549,0.17939,0.01354,-0.15592,
1563436189360649216,0.14013,-0.14463,-0.10636,0.66803,0.54901,0.35158,-0.35877,0.14499,-0.01480,-0.17864,
1563436189460662784,0.14963,-0.14527,-0.12550,0.67199,0.54517,0.34851,-0.36022,0.11070,-0.00029,-0.19478,
1563436189560657152,0.16063,-0.14649,-0.14612,0.66994,0.54932,0.35076,-0.35553,0.08642,-0.02580,-0.19185,
1563436189660659200,0.16626,-0.14979,-0.16810,0.66470,0.55416,0.34286,-0.36541,0.05367,-0.00750,-0.25980,
1563436189760659200,0.16817,-0.15279,-0.19168,0.66333,0.54341,0.35214,-0.37509,0.01472,-0.01482,-0.23433,
1563436189860713472,0.17344,-0.15487,-0.21442,0.66341,0.53284,0.35993,-0.38265,0.03362,-0.01505,-0.20649,
1563436189960113152,0.18131,-0.15796,-0.23147,0.67216,0.52861,0.35600,-0.37689,0.07619,-0.04626,-0.17943,
1563436190060248576,0.19178,-0.16141,-0.23931,0.68676,0.52196,0.34307,-0.37179,0.11559,-0.04048,-0.13987,
1563436190160342016,0.20484,-0.16187,-0.25517,0.69003,0.52396,0.34030,-0.36539,0.12123,-0.01363,-0.18426,
1563436190260373248,0.21404,-0.16231,-0.27751,0.68209,0.52685,0.35425,-0.36289,0.08817,-0.00184,-0.18087,
1563436190360424448,0.22086,-0.16050,-0.29357,0.67794,0.53021,0.35962,-0.36049,0.08396,0.01409,-0.12250,
1563436190460510464,0.22795,-0.15973,-0.30288,0.67951,0.53360,0.35661,-0.35548,0.07088,0.00524,-0.04903,
1563436190560584960,0.23079,-0.16010,-0.30354,0.68308,0.53656,0.35289,-0.34782,0.00667,0.00958,0.05755,
1563436190660620032,0.22841,-0.16067,-0.29646,0.68380,0.53538,0.35612,-0.34491,-0.05588,-0.00020,0.13841,
1563436190760604416,0.22219,-0.16004,-0.28119,0.68018,0.53778,0.36191,-0.34231,-0.08071,-0.00376,0.20758,
1563436190860610560,0.21418,-0.16152,-0.25477,0.68754,0.53159,0.35825,-0.34111,-0.11172,-0.01138,0.30442,
1563436190960608512,0.20129,-0.16301,-0.22180,0.69282,0.53549,0.34738,-0.33553,-0.16124,-0.01956,0.35987,
1563436191060608512,0.18274,-0.16342,-0.18629,0.68893,0.54955,0.33827,-0.33005,-0.19280,-0.01720,0.37304,
1563436191160510464,0.16163,-0.16123,-0.15293,0.68805,0.55860,0.32920,-0.32585,-0.20692,0.01987,0.33009,
1563436191260345856,0.14166,-0.16336,-0.11925,0.69157,0.56183,0.31956,-0.32241,-0.21723,-0.00549,0.32082,
1563436191360157952,0.12182,-0.16568,-0.08955,0.69135,0.57007,0.30188,-0.32546,-0.21470,-0.02079,0.29471,
1563436191459949056,0.09780,-0.16746,-0.06151,0.68176,0.58340,0.29263,-0.33049,-0.23079,-0.01168,0.26623,
1563436191559733504,0.07502,-0.16700,-0.03139,0.67285,0.59786,0.28605,-0.32865,-0.18716,0.00390,0.25143,
1563436191659551488,0.05862,-0.16533,-0.00152,0.67653,0.60733,0.26933,-0.31768,-0.12495,0.01500,0.26004,
1563436191759374848,0.04859,-0.16518,0.02612,0.68495,0.61335,0.24817,-0.30507,-0.07554,0.00202,0.23418,
1563436191859169536,0.04272,-0.16745,0.05135,0.69783,0.61184,0.22323,-0.29808,-0.02135,-0.02283,0.18727,
1563436191958946560,0.04031,-0.16970,0.07081,0.71023,0.61064,0.20268,-0.28567,0.03596,-0.01788,0.12179,
1563436192058715648,0.04349,-0.17161,0.08319,0.71988,0.61100,0.18869,-0.26990,0.08972,-0.03919,0.08766,
1563436192158492672,0.05395,-0.17594,0.09175,0.73545,0.60538,0.17212,-0.25102,0.14417,-0.06033,0.07055,
1563436192258284800,0.06853,-0.17952,0.09841,0.75003,0.60094,0.14665,-0.23412,0.17020,-0.03588,0.06044,
1563436192358077440,0.08400,-0.18142,0.10875,0.76139,0.60255,0.11674,-0.20880,0.15697,-0.02086,0.10651,
1563436192456659456,0.10093,-0.18019,0.12059,0.77357,0.60208,0.08348,-0.17919,0.15510,0.00573,0.13321,
1563436192556471296,0.11356,-0.18313,0.13596,0.78260,0.59654,0.04502,-0.17220,0.09034,-0.03686,0.15578,
1563436192656291584,0.12097,-0.19066,0.15164,0.78572,0.59132,0.00890,-0.18138,0.06475,-0.02690,0.14789,
1563436192756129024,0.12460,-0.19512,0.16234,0.79621,0.57906,-0.00651,-0.17521,0.03440,-0.02244,0.13738,
1563436192855991808,0.12651,-0.19757,0.17141,0.80791,0.56405,-0.02345,-0.16907,-0.00003,-0.04305,0.12256,
1563436192955876608,0.12268,-0.20353,0.18034,0.81611,0.55404,-0.04310,-0.15858,-0.03736,-0.05280,0.12100,
1563436193055778560,0.11590,-0.20960,0.19210,0.81732,0.55282,-0.07552,-0.14376,-0.06624,-0.05714,0.12525,
1563436193155690496,0.11055,-0.21393,0.20545,0.82515,0.53828,-0.10784,-0.13325,-0.06740,-0.03385,0.10038,
1563436193255616000,0.10486,-0.21632,0.21112,0.82969,0.52787,-0.12153,-0.13492,-0.07183,-0.01269,0.04944,
1563436193355551232,0.10091,-0.21282,0.21177,0.83393,0.52712,-0.11379,-0.11726,-0.05185,0.01490,-0.01637,
1563436193455502592,0.09535,-0.20638,0.19739,0.83032,0.53766,-0.09778,-0.10919,-0.03507,0.01313,-0.09141,
1563436193555459584,0.09731,-0.19833,0.18568,0.82467,0.54399,-0.09278,-0.12403,-0.01169,0.01581,-0.10499,
1563436193655422464,0.09879,-0.20016,0.17638,0.81937,0.54619,-0.09863,-0.14348,-0.01332,0.00189,-0.08440,
1563436193755396864,0.09867,-0.20734,0.17139,0.81499,0.54654,-0.11185,-0.15676,-0.02988,-0.01927,-0.05770,
1563436193855379456,0.09938,-0.22297,0.17158,0.80991,0.54349,-0.13029,-0.17803,-0.06850,-0.09684,-0.03043,
1563436193955365376,0.09283,-0.24363,0.17113,0.79764,0.54016,-0.15701,-0.21758,-0.12592,-0.15781,-0.01503,
1563436194055371264,0.07941,-0.26068,0.16866,0.78181,0.53633,-0.18785,-0.25658,-0.17325,-0.17016,-0.00829,
1563436194155369472,0.06043,-0.27735,0.17064,0.76594,0.52982,-0.21984,-0.29033,-0.21202,-0.16788,0.02303,
1563436194255396864,0.03288,-0.29616,0.17552,0.74864,0.51693,-0.25476,-0.32776,-0.27067,-0.17327,0.04377,
1563436194355439872,0.00175,-0.31176,0.18354,0.73017,0.50216,-0.28777,-0.36314,-0.29254,-0.15203,0.07566,
1563436194455502592,-0.03028,-0.32030,0.19479,0.71808,0.48639,-0.31404,-0.38621,-0.31734,-0.14642,0.08550,
1563436194555568896,-0.06689,-0.32025,0.20200,0.70253,0.47204,-0.33747,-0.41199,-0.36217,-0.10132,0.06740,
1563436194655620096,-0.10803,-0.32340,0.20225,0.67542,0.45436,-0.37239,-0.44575,-0.38472,-0.05124,0.02300,
1563436194755672832,-0.14152,-0.32102,0.19664,0.64591,0.43704,-0.40369,-0.47835,-0.32762,-0.00829,-0.03457,
1563436194855735296,-0.16637,-0.31774,0.18949,0.62137,0.43139,-0.41114,-0.50869,-0.26011,0.02915,-0.05416,
1563436194954585088,-0.19060,-0.31891,0.18062,0.59531,0.41917,-0.42436,-0.53835,-0.24201,0.03986,-0.06435,
1563436195054716672,-0.22090,-0.31865,0.17623,0.56281,0.40268,-0.44473,-0.56860,-0.23469,0.05568,-0.03098,
1563436195154856960,-0.25066,-0.31400,0.17638,0.52918,0.37523,-0.46894,-0.59939,-0.21989,0.08852,-0.01284,
1563436195255000064,-0.27589,-0.30492,0.17868,-0.49317,-0.34678,0.49495,0.62574,-0.20673,0.12303,-0.01997,
1563436195355101952,-0.28641,-0.30014,0.17679,-0.45625,-0.32586,0.52118,0.64345,-0.16332,0.14372,-0.03821,
1563436195455200000,-0.30053,-0.28776,0.17139,-0.41452,-0.30109,0.53851,0.66897,-0.14614,0.18244,-0.02616,
1563436195555295744,-0.31413,-0.26880,0.17063,-0.37315,-0.26800,0.55641,0.69235,-0.15662,0.21881,-0.00311,
1563436195655393536,-0.32835,-0.24422,0.16921,-0.33637,-0.23541,0.57337,0.70900,-0.15875,0.26846,-0.00389,
1563436195755487744,-0.34240,-0.21848,0.17052,-0.29381,-0.20264,0.58447,0.72871,-0.16103,0.28432,-0.00516,
1563436195855552256,-0.35513,-0.19275,0.16992,-0.24695,-0.17067,0.59738,0.74366,-0.14759,0.29035,-0.00896,
1563436195955610880,-0.36544,-0.16826,0.16983,-0.19658,-0.13295,0.61558,0.75149,-0.12080,0.29871,-0.01027,
1563436196055667712,-0.37597,-0.14053,0.16499,-0.14275,-0.09635,0.62383,0.76235,-0.10953,0.28719,-0.02739,
1563436196155744000,-0.38526,-0.11723,0.15938,-0.09520,-0.06849,0.62824,0.76913,-0.09947,0.24666,-0.03722,
1563436196255842304,-0.39052,-0.10249,0.15533,-0.06817,-0.04438,0.63143,0.77116,-0.08732,0.21769,-0.04452,
1563436196355959552,-0.39700,-0.07879,0.15307,-0.03016,-0.02093,0.63011,0.77564,-0.05255,0.24791,-0.03003,
1563436196456067072,-0.39834,-0.05592,0.15217,0.01113,0.01234,0.63202,0.77477,-0.02356,0.25353,-0.02289,
1563436196556208128,-0.39907,-0.03408,0.14884,0.04685,0.03855,0.63061,0.77372,0.00164,0.24262,-0.01893,
1563436196656356608,-0.39773,-0.01373,0.14450,0.09476,0.06227,0.62148,0.77518,0.01991,0.23217,-0.04847,
1563436196756486144,-0.39378,0.00722,0.13871,0.14655,0.08951,0.61570,0.76904,0.04731,0.20259,-0.05901,
1563436196856607232,-0.38764,0.02330,0.13562,0.18442,0.11721,0.61211,0.75998,0.06463,0.16172,-0.03646,
1563436196956730624,-0.38168,0.02732,0.13553,0.20862,0.13933,0.60917,0.75231,0.05090,0.11540,0.01487,
1563436197056838144,-0.37577,0.03786,0.13730,0.23999,0.16287,0.60262,0.74346,0.08670,0.12913,0.02034,
1563436197156924416,-0.36505,0.04849,0.13914,0.27922,0.20037,0.59595,0.72576,0.12160,0.13373,0.01041,
1563436197257020672,-0.35202,0.06151,0.13920,0.31952,0.23336,0.58567,0.70742,0.12746,0.12184,0.01356,
1563436197357128192,-0.34141,0.07194,0.14085,0.35725,0.26099,0.57238,0.69039,0.10307,0.10722,0.02626,
1563436197476632320,-0.33372,0.08169,0.14427,0.37731,0.29396,0.56403,0.67312,0.06349,0.09439,0.03275,
1563436197576717056,-0.33337,0.08650,0.14433,0.39876,0.31465,0.55457,0.65912,0.04209,0.08019,0.00359,
1563436197676757760,-0.33732,0.08564,0.14013,0.41881,0.32543,0.54669,0.64794,-0.01466,0.02752,-0.01889,
1563436197776779520,-0.33307,0.08818,0.13540,0.41956,0.32350,0.54863,0.64677,-0.06920,-0.04229,-0.02782,
1563436197876771328,-0.32861,0.08992,0.13336,0.40327,0.30934,0.55507,0.65847,-0.08144,-0.08880,-0.01113,
1563436197976773376,-0.33119,0.07610,0.13466,0.38636,0.29140,0.55784,0.67426,-0.05796,-0.14402,-0.00141,
1563436198076771584,-0.33745,0.06387,0.12913,0.35007,0.27130,0.56590,0.69542,-0.07721,-0.19204,-0.00205,
1563436198176771328,-0.35597,0.04501,0.12515,0.30217,0.23790,0.58042,0.71778,-0.09386,-0.21491,-0.01280,
1563436198276771328,-0.37612,0.02327,0.12376,0.25352,0.20090,0.58893,0.74063,-0.10132,-0.23140,-0.01894,
1563436198376771328,-0.39167,-0.00238,0.12382,0.20282,0.15388,0.59741,0.76046,-0.08532,-0.25564,-0.00924,
1563436198476704768,-0.40089,-0.02997,0.12872,0.14009,0.10906,0.60718,0.77448,-0.04627,-0.25642,0.02747,
1563436198576599552,-0.40175,-0.06046,0.13448,0.07449,0.06924,0.61880,0.77894,0.00684,-0.26018,0.03709,
1563436198676483840,-0.40298,-0.09834,0.13864,0.01972,0.03448,0.62428,0.78019,0.03655,-0.27893,0.03630,
1563436198776354816,-0.40133,-0.14118,0.14160,-0.03213,-0.00316,0.62489,0.78004,0.05644,-0.32553,0.02045,
1563436198876225536,-0.39221,-0.17513,0.14269,-0.09783,-0.05328,0.62169,0.77530,0.08435,-0.36520,0.01360,
1563436198976082432,-0.37906,-0.21220,0.14280,-0.16608,-0.09912,0.62961,0.75245,0.12449,-0.34457,0.01625,
1563436199075885056,-0.36321,-0.23940,0.14486,-0.21981,-0.13123,0.62753,0.73530,0.17877,-0.30758,0.03979,
1563436199175700992,-0.34422,-0.26625,0.14802,-0.27029,-0.16508,0.61940,0.71835,0.19509,-0.27778,0.03524,
1563436199275546368,-0.32469,-0.28964,0.15054,-0.32548,-0.20430,0.60580,0.69666,0.22000,-0.27212,0.03180,
1563436199375420928,-0.30259,-0.31281,0.15441,-0.38593,-0.24853,0.58474,0.66885,0.24988,-0.26423,0.03778,
1563436199475319296,-0.27802,-0.33403,0.15844,-0.44283,-0.29913,0.54928,0.64243,0.28108,-0.23674,0.03034,
1563436199575243008,-0.24808,-0.35396,0.16046,0.50038,0.35000,-0.50914,-0.60654,0.32425,-0.18898,0.01950,
1563436199675162368,-0.21594,-0.36774,0.15979,0.55649,0.40059,-0.46817,-0.55737,0.36576,-0.13161,0.00525,
1563436199775070464,-0.18422,-0.37231,0.15734,0.60794,0.44868,-0.42473,-0.49870,0.39018,-0.06502,-0.00620,
1563436199874992384,-0.15307,-0.36567,0.15355,0.65351,0.49405,-0.37604,-0.43293,0.41351,0.01024,-0.01716,
1563436199973975296,-0.11660,-0.35285,0.15091,0.69477,0.53911,-0.30911,-0.36208,0.45030,0.08025,-0.03526,
1563436200073780992,-0.07291,-0.33964,0.14674,0.72537,0.57924,-0.23218,-0.29054,0.43877,0.15311,-0.04326,
1563436200173654016,-0.03184,-0.32052,0.14330,0.74634,0.59569,-0.18281,-0.23391,0.41914,0.20504,-0.03675,
1563436200273515008,0.00621,-0.29595,0.13971,0.76124,0.60845,-0.12789,-0.18422,0.41755,0.27808,-0.02434,
1563436200373360384,0.04139,-0.26121,0.13931,0.77511,0.61828,-0.06742,-0.11132,0.39585,0.34913,-0.00726,
1563436200473225472,0.07133,-0.22412,0.13044,0.78335,0.62011,-0.00383,-0.04252,0.35398,0.38095,-0.01806,
1563436200573092096,0.09979,-0.18226,0.12727,0.78940,0.61124,0.05350,0.01946,0.30518,0.41497,-0.03491,
1563436200672978688,0.12117,-0.13773,0.12360,0.78456,0.60204,0.11463,0.09417,0.26770,0.45622,-0.03821,
1563436200772882688,0.13867,-0.09100,0.12030,0.77119,0.58417,0.17515,0.18258,0.19396,0.44867,-0.04660,
1563436200872841472,0.14807,-0.04483,0.11619,0.75427,0.56075,0.22752,0.25467,0.12200,0.42095,-0.05549,
1563436200972835584,0.14403,-0.00335,0.11512,0.72958,0.53669,0.28439,0.31431,0.06349,0.38831,-0.04162,
1563436201072862976,0.11995,0.02605,0.11998,0.69031,0.51566,0.33833,0.37828,0.01048,0.32982,-0.00032,
1563436201172994560,0.10460,0.05756,0.12164,0.65865,0.48913,0.36378,0.44112,-0.01135,0.28074,0.01339,
1563436201273229056,0.07908,0.07022,0.12815,0.62458,0.46933,0.39719,0.48153,-0.05481,0.24508,-0.01799,
1563436201373434624,0.05797,0.07278,0.13391,0.58987,0.44614,0.43600,0.51276,-0.06816,0.20547,-0.02306,
1563436201473632512,0.04414,0.07935,0.13474,0.55708,0.42468,0.45610,0.54890,-0.06066,0.16589,-0.01249,
1563436201573906688,0.03001,0.09281,0.13659,0.52359,0.40652,0.47448,0.57920,-0.10245,0.12822,-0.02644,
1563436201674257152,0.01852,0.09755,0.13501,0.49579,0.38463,0.49115,0.60418,-0.10372,0.09527,-0.04183,
1563436201774603520,0.00556,0.10903,0.13321,0.46604,0.37307,0.50680,0.62192,-0.09563,0.07674,-0.04858,
1563436201874912512,-0.00776,0.11925,0.12984,0.44034,0.36439,0.52176,0.63331,-0.09983,0.03626,-0.07611,
1563436201975188736,-0.02257,0.12289,0.12376,0.42218,0.35276,0.54684,0.63110,-0.08762,-0.01572,-0.06966,
1563436202075411968,-0.02446,0.11674,0.12259,0.41256,0.34469,0.56193,0.62867,-0.03703,-0.03088,0.01170,
1563436202175619584,-0.03064,0.11898,0.12381,0.42087,0.34457,0.55881,0.62600,-0.02380,-0.05053,0.04972,
1563436202275795712,-0.03481,0.12170,0.12178,0.43381,0.34509,0.54822,0.62625,-0.02504,-0.07275,0.03828,
1563436202375891456,-0.03888,0.12212,0.11985,0.45413,0.34703,0.53175,0.62496,0.02952,-0.08798,0.02624,
1563436202458938624,-0.03223,0.11709,0.12207,0.47871,0.36139,0.51222,0.61471,0.08489,-0.11995,0.02838,
1563436202558923008,-0.01593,0.10893,0.12425,0.51648,0.38905,0.47720,0.59511,0.13462,-0.15347,0.02258,
1563436202658827008,0.00809,0.09785,0.12472,0.55830,0.42104,0.44022,0.56324,0.18841,-0.18408,-0.04199,
1563436202758647296,0.04481,0.08628,0.12137,0.60334,0.45426,0.40425,0.51596,0.21915,-0.19286,-0.08062,
1563436202858423552,0.07175,0.06676,0.11933,0.64543,0.48545,0.35416,0.47152,0.21733,-0.22598,-0.04486,
1563436202958151680,0.09641,0.03753,0.11490,0.67713,0.52779,0.29333,0.42058,0.21512,-0.29292,-0.03727,
1563436203057887488,0.11340,0.00629,0.11663,0.69084,0.55959,0.23846,0.39081,0.12686,-0.28446,0.01964,
1563436203157646336,0.11772,-0.02011,0.12231,0.71285,0.57605,0.18323,0.35558,0.09500,-0.26982,0.03748,
1563436203257376768,0.11765,-0.04588,0.12480,0.74106,0.59186,0.14958,0.27956,0.07726,-0.28630,0.00442,
1563436203357055488,0.11231,-0.06780,0.12256,0.75874,0.60614,0.12562,0.20278,0.05256,-0.24364,-0.01789,
1563436203456760064,0.10362,-0.07928,0.11340,0.76839,0.61433,0.09972,0.14911,0.03700,-0.14564,-0.02782,
1563436203556527104,0.09165,-0.08146,0.10833,0.76775,0.62306,0.06577,0.13426,0.03515,-0.07843,-0.04286,
1563436203656334848,0.08823,-0.08723,0.10476,0.75922,0.63659,0.02519,0.13305,0.05094,-0.03470,-0.04487,
1563436203756176640,0.08681,-0.10784,0.09545,0.75786,0.64188,-0.00820,0.11646,0.05167,-0.08235,-0.16384,
1563436203856043520,0.08793,-0.11566,0.06939,0.75250,0.65344,-0.00714,0.08194,0.06319,-0.04178,-0.27952,
1563436203955914240,0.08381,-0.13563,0.03740,0.75079,0.65699,-0.01196,0.06738,0.01706,-0.02770,-0.30808,
1563436204055816704,0.08019,-0.15043,-0.00225,0.75000,0.65894,-0.01261,0.05607,0.00786,-0.03212,-0.39371,
1563436204155743744,0.07482,-0.16623,-0.04666,0.75298,0.65690,-0.01200,0.03690,-0.01820,-0.05897,-0.48023,
1563436204255685120,0.07392,-0.17767,-0.10073,0.73889,0.67335,-0.01174,0.02239,-0.04700,-0.07571,-0.56918,
1563436204355642112,0.06705,-0.19136,-0.15790,0.74094,0.67123,-0.02153,-0.00160,-0.09272,-0.10473,-0.61317,
1563436204455609088,0.06063,-0.20694,-0.21996,0.74297,0.66754,-0.01259,-0.04715,-0.07372,-0.08345,-0.64242,
1563436204555588864,0.05550,-0.21677,-0.28358,0.73912,0.67025,0.00716,-0.06641,-0.06279,-0.04431,-0.58441,
1563436204655597056,0.05185,-0.21468,-0.33284,0.75269,0.65532,0.01382,-0.06186,-0.06143,0.03558,-0.51847,
1563436204755645952,0.04942,-0.21290,-0.38775,0.74864,0.65899,0.01900,-0.06999,-0.11092,-0.04521,-0.54931,
1563436204855712512,0.04379,-0.21824,-0.43286,0.72886,0.67908,0.02855,-0.08239,-0.10187,-0.01802,-0.44703,
1563436204954299904,0.04561,-0.21355,-0.44194,0.72140,0.68891,0.01895,-0.06804,-0.08520,-0.01359,-0.31290,
1563436205054431744,0.04848,-0.21042,-0.46484,0.71876,0.69192,0.01925,-0.06532,-0.03543,-0.00904,-0.22181,
1563436205154538752,0.05528,-0.21203,-0.47893,0.71979,0.69105,0.00959,-0.06525,-0.03468,-0.02116,-0.12793,
1563436205254628864,0.05310,-0.21569,-0.50083,0.72030,0.69027,0.00602,-0.06824,-0.02885,-0.02001,-0.08036,
1563436205354689536,0.05173,-0.21780,-0.49710,0.72250,0.68847,-0.00440,-0.06308,-0.02226,-0.03419,0.02097,
1563436205454738432,0.06103,-0.21681,-0.50119,0.72539,0.68595,-0.01818,-0.05434,0.00781,-0.02874,0.00820,
1563436205554769920,0.06553,-0.21241,-0.51047,0.72496,0.68655,-0.01690,-0.05276,0.02220,-0.00547,-0.01915,
1563436205654791680,0.07007,-0.20912,-0.52721,0.72427,0.68720,-0.01688,-0.05396,0.02383,0.01265,-0.03728,
1563436205754804736,0.06950,-0.20835,-0.53054,0.72326,0.68855,-0.01909,-0.04930,0.01636,0.01818,-0.03965,
1563436205854819072,0.07058,-0.20817,-0.53496,0.72318,0.68876,-0.02012,-0.04707,0.02061,0.01509,-0.02892,
1563436205954812928,0.07071,-0.20595,-0.53291,0.72056,0.69183,-0.01975,-0.04203,0.01483,0.03385,0.06285,
1563436206054814976,0.07169,-0.20516,-0.51547,0.72349,0.68910,-0.02524,-0.03274,0.01472,0.02713,0.18326,
1563436206154814976,0.07087,-0.20619,-0.49192,0.72634,0.68612,-0.03144,-0.02619,0.01384,0.03565,0.28048,
1563436206254814976,0.06602,-0.20726,-0.46312,0.72687,0.68566,-0.03096,-0.02396,-0.01015,0.04988,0.32166,
1563436206354814976,0.06335,-0.19993,-0.42677,0.72559,0.68742,-0.02218,-0.02197,-0.02619,0.05373,0.38710,
1563436206454814976,0.06062,-0.19615,-0.38065,0.73129,0.68124,-0.02978,-0.01553,-0.02732,0.04063,0.41924,
1563436206554814976,0.05796,-0.19557,-0.34144,0.73065,0.68163,-0.03731,-0.01190,-0.00847,0.02982,0.40978,
1563436206654764032,0.05882,-0.19317,-0.30785,0.73184,0.68055,-0.03205,-0.01503,0.00748,0.02556,0.41710,
1563436206754691328,0.05834,-0.19077,-0.27715,0.73396,0.67834,-0.02976,-0.01651,0.00836,0.03657,0.37576,
1563436206854603520,0.05897,-0.18289,-0.23372,0.73641,0.67595,-0.02528,-0.01266,0.01453,0.06669,0.41492,
1563436206954517248,0.06080,-0.17550,-0.19012,0.73654,0.67583,-0.02738,-0.00435,0.02126,0.05857,0.41902,
1563436207054431744,0.06128,-0.16631,-0.14345,0.73931,0.67268,-0.02987,0.00626,0.00675,0.06315,0.41984,
1563436207154347008,0.06068,-0.16242,-0.09742,0.74432,0.66697,-0.03188,0.01088,-0.00366,0.03866,0.40918,
1563436207254268928,0.06005,-0.16209,-0.05374,0.74107,0.66983,-0.04378,0.01542,-0.01043,0.04974,0.44377,
1563436207354203904,0.05804,-0.16031,-0.00341,0.75337,0.65429,-0.06068,0.02571,-0.00671,0.01848,0.41601,
1563436207459045632,0.05747,-0.15705,0.04040,0.76522,0.63792,-0.07962,0.03403,-0.00303,0.03046,0.35663,
1563436207559000576,0.05836,-0.15328,0.06445,0.76863,0.63345,-0.07850,0.04223,-0.00202,0.02018,0.27143,
1563436207658961152,0.06011,-0.14808,0.07232,0.76906,0.63418,-0.07149,0.03525,-0.00573,0.03873,0.15551,
1563436207758931968,0.06353,-0.14696,0.08373,0.77658,0.62501,-0.07472,0.02653,0.06017,0.01912,0.10036,
1563436207858908672,0.07161,-0.14580,0.11418,0.79222,0.60168,-0.09694,0.03116,0.14377,0.02156,0.04780,
1563436207958888448,0.09156,-0.14249,0.11524,0.79233,0.59863,-0.10727,0.04843,0.26423,-0.02264,-0.08100,
1563436208058868992,0.11776,-0.14091,0.09984,0.78867,0.60421,-0.09819,0.05726,0.30726,-0.01313,-0.18168,
1563436208158849536,0.14737,-0.13843,0.08382,0.78469,0.61053,-0.09195,0.05541,0.29728,0.00506,-0.17221,
1563436208258831872,0.17819,-0.13217,0.06988,0.78343,0.61266,-0.07934,0.06780,0.31609,-0.00280,-0.15254,
1563436208358812672,0.21097,-0.13920,0.05793,0.77864,0.61801,-0.07485,0.07861,0.32623,-0.05952,-0.13698,
1563436208458790912,0.24449,-0.14433,0.04752,0.77656,0.61993,-0.07504,0.08368,0.32395,-0.07308,-0.15560,
1563436208558776832,0.27666,-0.15179,0.03452,0.77077,0.62601,-0.07588,0.09090,0.29786,-0.10668,-0.16815,
1563436208658761472,0.30035,-0.16176,0.02800,0.74957,0.64325,-0.10058,0.11938,0.23714,-0.04760,-0.12697,
1563436208758742016,0.32170,-0.17452,0.01575,0.74760,0.64877,-0.09078,0.10933,0.19832,-0.07936,-0.13705,
1563436208858726144,0.33619,-0.18844,0.00159,0.75714,0.64711,-0.06141,0.06495,0.19608,-0.10016,-0.11092,
1563436208958712576,0.35202,-0.19814,-0.01448,0.76310,0.64340,-0.02334,0.05631,0.19334,-0.07216,-0.04169,
1563436209058702592,0.36442,-0.20960,-0.01696,0.75929,0.64532,-0.02335,0.08058,0.15201,-0.08487,0.01076,
1563436209158706688,0.37749,-0.21800,-0.01753,0.75139,0.65188,-0.02994,0.09780,0.13341,-0.04846,0.03157,
1563436209258704384,0.39245,-0.22714,-0.01234,0.75268,0.65090,-0.02909,0.09463,0.07780,-0.09446,0.08766,
1563436209358704640,0.40292,-0.24369,-0.00986,0.75468,0.65076,-0.03895,0.07382,0.05171,-0.12137,0.05279,
1563436209458704384,0.40252,-0.23965,-0.00931,0.75450,0.65238,-0.03253,0.06382,-0.02119,-0.04218,0.01623,
1563436209558688768,0.40397,-0.24331,-0.01325,0.74922,0.65727,-0.01908,0.07938,-0.19923,-0.04317,0.01795,
1563436209658679552,0.38228,-0.24948,-0.01865,0.74700,0.66089,-0.01060,0.07140,-0.33032,-0.09201,0.00542,
1563436209758682880,0.35231,-0.26269,-0.02504,0.75825,0.65051,0.00700,0.04288,-0.39710,-0.16402,0.02850,
1563436209858681088,0.32090,-0.28780,-0.01877,0.77204,0.63537,0.01079,0.01232,-0.42033,-0.20126,0.06633,
1563436209957842176,0.28454,-0.31057,-0.00201,0.78401,0.62052,0.00983,-0.01374,-0.40617,-0.20329,0.07696,
1563436210057841920,0.25633,-0.33585,0.00307,0.79220,0.60935,0.01606,-0.02938,-0.33363,-0.23667,0.06097,
1563436210157841920,0.22288,-0.36553,0.00401,0.79470,0.60571,0.01101,-0.03803,-0.32929,-0.30440,0.06354,
1563436210257853952,0.19527,-0.39620,0.01827,0.79342,0.60702,-0.00915,-0.04399,-0.29778,-0.35338,0.07998,
1563436210357861888,0.16666,-0.42602,0.03496,0.79195,0.60751,-0.03738,-0.04843,-0.24535,-0.34944,0.08360,
1563436210457858048,0.14293,-0.46515,0.04539,0.78824,0.60973,-0.05882,-0.05873,-0.22468,-0.36105,0.07023,
1563436210557871360,0.11883,-0.49759,0.04970,0.78218,0.61293,-0.08032,-0.07787,-0.19624,-0.33421,0.03984,
1563436210657883392,0.10132,-0.52185,0.05560,0.77685,0.61657,-0.09509,-0.08543,-0.15383,-0.27641,0.01116,
1563436210757899008,0.08338,-0.54004,0.05725,0.77543,0.61692,-0.10705,-0.08159,-0.12091,-0.21954,-0.01438,
1563436210857916416,0.06989,-0.55064,0.05140,0.77105,0.62072,-0.11031,-0.08959,-0.08109,-0.17694,-0.04992,
1563436210957932544,0.05728,-0.55992,0.04130,0.76788,0.62309,-0.10783,-0.10242,-0.03118,-0.14438,-0.04714,
1563436211057949952,0.05764,-0.55322,0.03192,0.76634,0.62798,-0.09980,-0.09168,0.01858,-0.02565,-0.03880,
1563436211157969152,0.05116,-0.55738,0.02508,0.76601,0.62981,-0.09683,-0.08484,0.01249,0.07349,-0.04372,
1563436211257982976,0.04602,-0.55331,0.01801,0.76366,0.63233,-0.09545,-0.08877,0.00028,0.20155,-0.04688,
1563436211357994752,0.04283,-0.53463,0.01633,0.75885,0.63462,-0.11058,-0.09576,0.01286,0.33753,-0.04013,
1563436211458002688,0.04019,-0.49503,0.00987,0.76443,0.62418,-0.12021,-0.10768,-0.00742,0.45968,-0.08592,
1563436211557998848,0.03712,-0.47812,-0.00061,0.75949,0.62065,-0.12956,-0.14553,-0.00920,0.44209,-0.11117,
1563436211658000896,0.03308,-0.43357,-0.00488,0.75643,0.62048,-0.14050,-0.15191,0.04551,0.50298,-0.06481,
1563436211758014464,0.03834,-0.37945,-0.00176,0.75505,0.61875,-0.15927,-0.14724,0.06403,0.55603,-0.05035,
1563436211858008320,0.04447,-0.32494,-0.00521,0.75225,0.61979,-0.17618,-0.13761,0.03469,0.54029,-0.08788,
1563436211958010368,0.05978,-0.27437,-0.01031,0.74049,0.63276,-0.18764,-0.12678,0.05721,0.51582,-0.11147,
1563436212058008320,0.07535,-0.22351,-0.02238,0.73733,0.64695,-0.16409,-0.10426,0.10954,0.50762,-0.13929,
1563436212158008320,0.09274,-0.16805,-0.03797,0.74277,0.65392,-0.11885,-0.08100,0.14786,0.50239,-0.18486,
1563436212258008576,0.11223,-0.10406,-0.05964,0.73653,0.66910,-0.08576,-0.04963,0.16652,0.54955,-0.19487,
1563436212357994752,0.13438,-0.03242,-0.08445,0.71956,0.69232,-0.05359,0.00693,0.16679,0.57710,-0.16454,
1563436212457165824,0.15073,0.04317,-0.10599,0.70717,0.70530,-0.00219,0.04953,0.15593,0.60868,-0.13208,
1563436212557154304,0.16069,0.10771,-0.11490,0.70530,0.70052,0.06777,0.08500,0.10126,0.58702,-0.10187,
1563436212657142528,0.16452,0.15583,-0.12415,0.69125,0.69804,0.12557,0.13836,0.03379,0.53531,-0.09088,
1563436212757189632,0.16434,0.19982,-0.13736,0.66980,0.69200,0.18489,0.19578,-0.02654,0.47454,-0.08008,
1563436212857240320,0.15930,0.22242,-0.14637,0.66012,0.66757,0.24962,0.23725,-0.07143,0.36398,-0.06229,
1563436212957301504,0.15005,0.24219,-0.15183,0.64033,0.65228,0.29443,0.27894,-0.09234,0.27591,-0.06518,
1563436213057402880,0.14031,0.26385,-0.15292,0.60512,0.66128,0.31297,0.31398,-0.09331,0.25187,-0.09166,
1563436213157586688,0.13142,0.27995,-0.16286,0.56297,0.65740,0.36019,0.34806,-0.08465,0.18148,-0.13095,
1563436213257778944,0.13091,0.27976,-0.18394,0.57607,0.62971,0.41054,0.32102,-0.05201,0.02316,-0.17142,
1563436213357978368,0.14049,0.25311,-0.20556,0.62182,0.58247,0.46259,0.24511,-0.02495,-0.12715,-0.17398,
1563436213458181888,0.15412,0.20344,-0.21638,0.65343,0.53931,0.49794,0.18504,0.02748,-0.23188,-0.11914,
1563436213558407424,0.15765,0.17467,-0.22107,0.65654,0.54230,0.49534,0.17177,0.08293,-0.28621,-0.06398,
1563436213658634496,0.16724,0.14407,-0.22732,0.66364,0.55403,0.47985,0.14959,0.12610,-0.34660,-0.03507,
1563436213758790912,0.17940,0.10067,-0.22307,0.68977,0.55149,0.45728,0.10476,0.16047,-0.45202,0.00834,
1563436213858900224,0.19797,0.05587,-0.22702,0.72007,0.54721,0.42507,0.03709,0.15998,-0.50444,0.03232,
1563436213958966784,0.21033,0.01060,-0.22123,0.73464,0.55493,0.39026,-0.00764,0.14145,-0.49189,0.09337,
1563436214058939392,0.21999,-0.03320,-0.21147,0.74385,0.56818,0.34966,-0.03997,0.12908,-0.48247,0.12401,
1563436214158851328,0.23064,-0.07315,-0.18865,0.75725,0.56598,0.31336,-0.08970,0.11307,-0.47715,0.17080,
1563436214258773504,0.24130,-0.11733,-0.16010,0.76156,0.58173,0.25701,-0.12476,0.10971,-0.42869,0.27600,
1563436214358724352,0.24745,-0.13997,-0.11479,0.76137,0.61060,0.17987,-0.12304,0.10172,-0.37677,0.36308,
1563436214458616320,0.24524,-0.15226,-0.06870,0.77088,0.61067,0.10241,-0.14946,0.07374,-0.29528,0.41718,
1563436214558436352,0.24937,-0.17124,-0.02696,0.78330,0.59981,0.03618,-0.15926,0.08488,-0.20563,0.45882,
1563436214658240768,0.25897,-0.16735,0.01636,0.79538,0.59027,-0.03158,-0.13400,0.11901,-0.06493,0.50472,
1563436214758056960,0.27258,-0.14694,0.06238,0.80936,0.57702,-0.08267,-0.07175,0.16444,0.09733,0.48054,
1563436214857876736,0.28967,-0.11024,0.09843,0.81303,0.57507,-0.08592,0.02993,0.22978,0.26506,0.35781,
1563436214957132288,0.31121,-0.06683,0.11595,0.81880,0.56032,-0.04760,0.11546,0.24641,0.39540,0.20535,
1563436215056996864,0.32495,-0.01295,0.11953,0.82794,0.53533,-0.00023,0.16712,0.20115,0.42899,0.07090,
1563436215156895488,0.33608,0.04633,0.10204,0.81424,0.53886,0.05778,0.20809,0.21064,0.46531,-0.14429,
1563436215256856320,0.35468,0.08792,0.07557,0.80849,0.53016,0.13411,0.21746,0.18375,0.36547,-0.24719,
1563436215356836608,0.36915,0.12241,0.01478,0.81613,0.51831,0.18619,0.17497,0.14303,0.26033,-0.32983,
1563436215456844288,0.38239,0.14421,-0.03613,0.81841,0.51422,0.21487,0.14006,0.10230,0.20063,-0.34633,
1563436215556840448,0.39901,0.14811,-0.08892,0.82788,0.50301,0.23429,0.08188,0.08549,0.04165,-0.35343,
1563436215656866048,0.42231,0.13017,-0.13645,0.83282,0.48991,0.25765,-0.00474,0.04436,-0.04483,-0.23151,
1563436215756901376,0.45470,0.09649,-0.16097,0.84432,0.48158,0.22510,-0.06739,0.07517,-0.18065,-0.10038,
1563436215856960000,0.47748,0.06234,-0.17204,0.85573,0.46789,0.17042,-0.14058,0.08389,-0.18999,-0.04379,
1563436215956969984,0.50047,0.01998,-0.17154,0.85939,0.46371,0.09842,-0.19166,0.11040,-0.16905,0.02331,
1563436216056946176,0.54439,-0.01738,-0.12411,0.86543,0.44928,0.00718,-0.22164,0.16661,-0.13114,0.08403,
1563436216156913152,0.57046,-0.04555,-0.10502,0.87611,0.40922,-0.04842,-0.25025,0.23385,-0.07737,0.05521,
1563436216256869888,0.59822,-0.07460,-0.08084,0.89277,0.37829,-0.08903,-0.22789,0.32396,-0.02592,0.02915,
1563436216356840704,0.62641,-0.08698,-0.05449,0.91009,0.35028,-0.11413,-0.18979,0.36416,0.02303,0.00673,
1563436216456803328,0.65836,-0.09397,-0.02507,0.92635,0.33464,-0.11538,-0.12877,0.40300,0.02874,-0.02449,
1563436216556764416,0.66905,-0.07876,-0.00255,0.93152,0.34294,-0.11239,-0.04506,0.37759,0.08231,-0.03487,
1563436216656719360,0.67819,-0.05021,0.00442,0.92830,0.35448,-0.10842,0.02930,0.35613,0.09602,-0.09462,
1563436216756679680,0.68992,-0.02125,-0.00476,0.90582,0.40084,-0.08165,0.11028,0.36432,0.05496,-0.18935,
1563436216856652544,0.69882,0.00189,-0.02651,0.86370,0.46967,-0.05786,0.17345,0.34719,0.01981,-0.28818,
1563436216956638720,0.71718,0.01058,-0.06119,0.83588,0.51471,-0.04743,0.18473,0.26910,0.03703,-0.37835,
1563436217056644864,0.74030,0.01593,-0.10416,0.82693,0.53149,-0.02722,0.18156,0.24591,0.03452,-0.49708,
1563436217156658432,0.76619,0.00154,-0.16260,0.81898,0.55461,0.01075,0.14685,0.23180,-0.07209,-0.59928,
1563436217256652288,0.76416,0.01143,-0.22065,0.81313,0.56753,0.07103,0.10806,0.12450,-0.02710,-0.57055,
1563436217356654336,0.75599,0.00063,-0.27744,0.81246,0.56765,0.08987,0.09798,0.05642,-0.11230,-0.57788,
1563436217453063424,0.74666,-0.01832,-0.33724,0.79873,0.58816,0.08234,0.09652,0.02578,-0.17150,-0.61866,
1563436217553083392,0.72186,-0.05674,-0.40089,0.77511,0.62096,0.06172,0.09906,0.00774,-0.26393,-0.68543,
1563436217653091072,0.71169,-0.09177,-0.47385,0.74898,0.65406,0.06237,0.08568,-0.01508,-0.24849,-0.68526,
1563436217753086976,0.70776,-0.12443,-0.53777,0.73800,0.66911,0.07164,0.05008,-0.00113,-0.26191,-0.56049,
1563436217853104896,0.69554,-0.15452,-0.58644,0.72336,0.68481,0.08169,0.03337,-0.01064,-0.27425,-0.41276,
1563436217953116416,0.69446,-0.16374,-0.61062,0.71947,0.68850,0.08631,0.02952,-0.02869,-0.25081,-0.13794,
1563436218053134080,0.69220,-0.18965,-0.58328,0.73327,0.67505,0.08081,0.00923,-0.01950,-0.26339,0.13226,
1563436218153147904,0.69135,-0.21114,-0.52664,0.74886,0.65844,0.07515,-0.00434,-0.01436,-0.25260,0.35003,
1563436218253141760,0.68885,-0.21117,-0.44899,0.77141,0.63212,0.07107,-0.01755,-0.09330,-0.14434,0.49409,
1563436218353128448,0.67776,-0.20766,-0.35942,0.79373,0.60396,0.05947,-0.04097,-0.16632,-0.06856,0.48799,
1563436218453114624,0.66878,-0.18300,-0.29235,0.80745,0.58598,0.05042,-0.04591,-0.13985,0.01559,0.42953,
1563436218553100800,0.66288,-0.15838,-0.26007,0.81662,0.57358,0.04905,-0.04153,-0.10048,0.06273,0.28626,
1563436218653084928,0.66453,-0.13498,-0.24674,0.82324,0.56452,0.04615,-0.03827,-0.06750,0.08310,0.14444,
1563436218753071616,0.67353,-0.11976,-0.23626,0.82302,0.56578,0.03859,-0.03221,-0.02910,0.05525,0.00478,
1563436218853057792,0.67481,-0.11662,-0.25237,0.81494,0.57609,0.04894,-0.04004,-0.01645,0.04866,-0.12846,
1563436218953046016,0.68205,-0.11394,-0.28959,0.80673,0.58395,0.07349,-0.05281,-0.00313,0.04006,-0.18246,
1563436219053049856,0.68581,-0.11594,-0.31558,0.79875,0.59168,0.08863,-0.06375,0.01547,0.04265,-0.16318,
1563436219153048064,0.68707,-0.11785,-0.33164,0.79594,0.59089,0.10871,-0.07427,0.01126,0.01272,-0.12157,
1563436219253048064,0.68750,-0.12456,-0.34489,0.79681,0.58365,0.12392,-0.09533,0.00006,-0.01704,-0.12218,
1563436219353073408,0.68730,-0.13274,-0.35559,0.79161,0.58001,0.14339,-0.12799,-0.02234,-0.03834,-0.13120,
1563436219453100800,0.68337,-0.13842,-0.36328,0.78766,0.57978,0.14855,-0.14619,-0.02823,-0.05601,-0.10286,
1563436219553137920,0.67930,-0.14770,-0.37002,0.78289,0.58114,0.15492,-0.15924,-0.01917,-0.06697,-0.08390,
1563436219653169664,0.67730,-0.15510,-0.37244,0.77926,0.57828,0.16451,-0.17686,-0.00161,-0.05736,-0.04740,
1563436219753200640,0.67652,-0.15096,-0.36809,0.77665,0.57880,0.17262,-0.17892,0.01756,-0.02356,-0.00303,
1563436219853235968,0.67686,-0.15032,-0.37215,0.77555,0.57419,0.18298,-0.18801,0.01581,-0.00697,-0.01065,
1563436219959739904,0.67865,-0.14491,-0.37003,0.77403,0.56902,0.19835,-0.19427,0.00572,0.01898,0.01059,
1563436220059783424,0.68022,-0.14527,-0.36782,0.77179,0.57020,0.19963,-0.19842,0.00203,0.00992,0.01897,
1563436220159830528,0.68207,-0.14520,-0.36960,0.76955,0.56887,0.20560,-0.20474,0.01126,0.00971,0.00895,
1563436220259873536,0.68214,-0.14553,-0.37198,0.76844,0.56625,0.21174,-0.20982,0.00378,0.00440,0.00800,
1563436220359918592,0.68307,-0.14569,-0.37488,0.76695,0.56810,0.21182,-0.21021,0.01347,0.00892,0.00372,
1563436220459961344,0.68383,-0.14643,-0.37736,0.76634,0.56784,0.21245,-0.21249,0.02588,0.00145,-0.00155,
1563436220559996672,0.68633,-0.14409,-0.37609,0.76605,0.56928,0.21402,-0.20808,0.02739,0.01997,0.01180,
1563436220660029952,0.68672,-0.14666,-0.37735,0.76550,0.57400,0.20753,-0.20364,0.00184,-0.00469,-0.00776,
1563436220760055552,0.68410,-0.14971,-0.38269,0.76393,0.57205,0.21117,-0.21111,0.00318,-0.01401,-0.03555,
1563436220860069120,0.68259,-0.14532,-0.38143,0.76088,0.57748,0.21031,-0.20821,0.01052,0.00390,-0.03647,
1563436220960092416,0.68264,-0.14459,-0.38554,0.75780,0.58117,0.21213,-0.20732,0.00584,0.01773,-0.02756,
1563436221060104704,0.68241,-0.14342,-0.38859,0.75745,0.57838,0.21717,-0.21114,0.01005,0.01705,-0.00687,
1563436221160121856,0.68345,-0.14286,-0.38609,0.75836,0.57754,0.21719,-0.21015,0.00818,0.00727,0.00475,
1563436221260139776,0.68288,-0.14362,-0.38529,0.75815,0.57761,0.21816,-0.20971,-0.00210,0.00893,0.00329,
1563436221360155136,0.68233,-0.14253,-0.38506,0.75777,0.57745,0.21878,-0.21086,-0.00352,0.01043,0.00585,
1563436221460171008,0.68251,-0.14338,-0.38476,0.75681,0.57878,0.21866,-0.21082,-0.00525,-0.00222,0.00592,
1563436221560182528,0.68246,-0.14353,-0.38621,0.75597,0.57971,0.21760,-0.21233,-0.00269,-0.00210,-0.00424,
1563436221660176896,0.68256,-0.14270,-0.38573,0.75533,0.58020,0.21843,-0.21246,-0.00149,-0.00123,0.00474,
1563436221760178688,0.68354,-0.14278,-0.37984,0.75501,0.58337,0.21454,-0.20882,0.00045,-0.00240,0.02754,
1563436221860177152,0.68396,-0.14448,-0.37847,0.75473,0.59171,0.20185,-0.19878,-0.00352,-0.01105,0.01347,
1563436221960176896,0.68368,-0.14429,-0.38607,0.75437,0.58980,0.20553,-0.20202,-0.00202,-0.00012,-0.02055,
1563436222060177152,0.68297,-0.14633,-0.38424,0.75447,0.58607,0.21166,-0.20614,0.00217,0.00323,-0.01388,
1563436222160176896,0.68369,-0.14594,-0.38139,0.75363,0.58933,0.20919,-0.20239,0.00641,0.00721,-0.00985,
1563436222260177152,0.68513,-0.14367,-0.38311,0.75335,0.58929,0.20963,-0.20311,0.00706,0.01572,-0.01640,
1563436222360177152,0.68665,-0.14243,-0.38455,0.75344,0.58881,0.21085,-0.20290,0.00849,0.01116,-0.01709,
1563436222459162880,0.68779,-0.14168,-0.38442,0.75290,0.59021,0.21037,-0.20133,0.00716,0.01563,-0.01026,
1563436222559163136,0.69065,-0.13942,-0.37953,0.75475,0.59683,0.19753,-0.18745,0.02294,0.02874,0.02466,
1563436222659162880,0.69657,-0.13779,-0.37042,0.75544,0.60780,0.17768,-0.16828,0.02570,0.02132,0.04394,
1563436222759137280,0.69406,-0.13601,-0.36439,0.75873,0.61395,0.15568,-0.15218,0.02955,0.00287,0.08742,
1563436222859101952,0.69616,-0.13801,-0.35345,0.75568,0.63889,0.09836,-0.10529,0.01768,-0.00178,0.10888,
1563436222959048960,0.69622,-0.13842,-0.34395,0.75598,0.64683,0.06293,-0.07833,0.00548,0.00174,0.10011,
1563436223058961152,0.69595,-0.13825,-0.33851,0.75699,0.64885,0.04440,-0.06320,0.00100,-0.00605,0.06849,
1563436223158881024,0.69196,-0.13871,-0.34594,0.75826,0.64770,0.04194,-0.06133,-0.01118,-0.00022,-0.01349,
1563436223258808320,0.68723,-0.13757,-0.36589,0.75912,0.64531,0.05243,-0.06758,-0.01221,-0.00188,-0.08326,
1563436223358751488,0.68965,-0.13478,-0.36550,0.75821,0.64567,0.05885,-0.06901,-0.00459,0.00240,-0.07949,
1563436223458710528,0.69033,-0.13036,-0.37021,0.75580,0.64804,0.06308,-0.06958,-0.00270,0.02663,-0.07618,
1563436223558679552,0.69047,-0.12812,-0.37095,0.75539,0.64765,0.07240,-0.06846,-0.02107,0.00966,-0.06502,
1563436223658652160,0.68878,-0.12872,-0.37037,0.75501,0.64780,0.07435,-0.06921,-0.03721,0.00407,-0.03495,
1563436223758633728,0.68456,-0.12531,-0.37308,0.75775,0.64314,0.09081,-0.06276,-0.05041,0.02851,-0.02749,
1563436223858618624,0.67819,-0.11928,-0.37635,0.75859,0.63957,0.10809,-0.06173,-0.05103,0.05590,-0.01141,
1563436223958610432,0.67942,-0.11500,-0.36719,0.75901,0.63816,0.12151,-0.04339,-0.01208,0.08875,0.03751,
1563436224058612480,0.67879,-0.10629,-0.36687,0.76088,0.63422,0.13449,-0.02712,-0.00124,0.07489,-0.01979,
1563436224158628352,0.67938,-0.10008,-0.37659,0.75716,0.63225,0.16276,-0.02195,0.01433,0.12978,-0.04169,
1563436224258653952,0.68044,-0.08556,-0.38062,0.74932,0.63274,0.19536,0.00081,0.01134,0.16146,-0.04323,
1563436224358694912,0.68071,-0.07060,-0.38489,0.73955,0.63289,0.22778,0.02506,0.01913,0.13299,-0.03241,
1563436224458743808,0.68301,-0.06261,-0.38554,0.73832,0.62865,0.24263,0.02860,0.03404,0.03897,-0.00397,
1563436224558806784,0.68678,-0.06699,-0.38347,0.73985,0.62957,0.23621,0.02157,0.03738,0.00352,0.04351,
1563436224658857472,0.69476,-0.08909,-0.37433,0.74770,0.63201,0.20373,0.00331,0.05149,-0.11635,0.07980,
1563436224758896384,0.69377,-0.12477,-0.35793,0.78179,0.60605,0.13357,-0.06063,0.00726,-0.11631,0.11087,
1563436224858896384,0.69581,-0.13798,-0.35332,0.75460,0.63270,0.17399,-0.00096,0.03696,-0.11143,0.03328,
1563436224957177344,0.69572,-0.16040,-0.35069,0.76518,0.62313,0.16182,-0.00374,0.01585,-0.21579,0.07627,
1563436225057192704,0.69772,-0.17724,-0.34407,0.77058,0.62100,0.14168,-0.02241,0.00520,-0.14216,0.00902,
1563436225157187072,0.69868,-0.19532,-0.34664,0.73557,0.64843,0.19446,0.02568,-0.01083,-0.23016,0.00346,
1563436225257167360,0.69760,-0.21727,-0.34519,0.76949,0.62226,0.14008,-0.03260,-0.02970,-0.20286,0.03964,
1563436225357175296,0.69892,-0.23198,-0.34223,0.75501,0.64051,0.14029,-0.00603,0.04206,-0.14377,-0.00972,
1563436225457147904,0.70204,-0.24855,-0.34140,0.74489,0.64878,0.15405,0.02202,0.01769,-0.27814,0.01846,
1563436225557139968,0.70443,-0.27378,-0.33462,0.76471,0.63313,0.11575,-0.03105,0.02586,-0.24604,0.07345,
1563436225657126400,0.71082,-0.29796,-0.32203,0.76167,0.64025,0.09870,-0.01380,0.04953,-0.27233,0.08026,
1563436225757093376,0.71259,-0.32912,-0.31579,0.76397,0.64272,0.05681,-0.00633,0.01378,-0.32975,0.11423,
1563436225857059840,0.71466,-0.36702,-0.30213,0.76941,0.63737,-0.01082,-0.04065,-0.02116,-0.44103,0.14587,
1563436225957001472,0.70798,-0.41796,-0.29155,0.76708,0.62111,-0.10649,-0.12031,-0.11834,-0.45559,0.15507,
1563436226056948480,0.69591,-0.46005,-0.27527,0.76324,0.60546,-0.16486,-0.15397,-0.05764,-0.40077,0.13945,
1563436226156914944,0.69068,-0.50147,-0.26666,0.76956,0.60654,-0.14460,-0.13777,-0.05499,-0.43800,0.04605,
1563436226256895232,0.67776,-0.54312,-0.26521,0.77263,0.58466,-0.13600,-0.20669,-0.08970,-0.43094,-0.02098,
1563436226356875776,0.67826,-0.57998,-0.27858,0.76349,0.62377,-0.07877,-0.14762,-0.01935,-0.39486,-0.12164,
1563436226456883968,0.66390,-0.61205,-0.29183,0.75834,0.63630,-0.03290,-0.13769,-0.14216,-0.42775,-0.10928,
1563436226556863744,0.64515,-0.63623,-0.29474,0.75021,0.64493,-0.01571,-0.14491,-0.12156,-0.35736,-0.06235,
1563436226656871936,0.62783,-0.67475,-0.30979,0.74896,0.64721,-0.01710,-0.14102,-0.17185,-0.42412,0.01268,
1563436226756867840,0.61368,-0.70869,-0.31047,0.75507,0.63144,-0.05562,-0.16753,-0.10867,-0.35889,0.00661,
1563436226856869632,0.59663,-0.73236,-0.31536,0.75128,0.64693,-0.02368,-0.12849,-0.12848,-0.39528,-0.01927,
1563436226956867840,0.58017,-0.77388,-0.31331,0.76010,0.62085,-0.07233,-0.17765,-0.19876,-0.41523,0.00907,
1563436227056867840,0.56255,-0.80168,-0.31521,0.75659,0.61968,-0.09338,-0.18669,-0.06049,-0.29697,-0.04004,
1563436227156868096,0.56425,-0.81930,-0.32838,0.74281,0.65969,-0.01855,-0.11271,-0.03430,-0.32422,-0.08074,
1563436227256867840,0.55612,-0.83435,-0.33867,0.76201,0.63171,-0.02709,-0.13981,-0.06535,-0.24556,-0.04296,
1563436227356867840,0.55064,-0.84417,-0.33875,0.77129,0.62581,0.00016,-0.11605,0.03248,-0.21044,-0.10359,
1563436227457151232,0.55732,-0.86771,-0.34936,0.75060,0.65447,0.06531,-0.06329,-0.04546,-0.24863,-0.05967,
1563436227557150976,0.53951,-0.88560,-0.32466,0.77388,0.62219,0.06735,-0.09723,-0.05391,-0.19221,-0.01392,
1563436227657150976,0.57426,-0.86693,-0.35807,0.75684,0.63993,0.12771,-0.03699,0.00119,-0.15775,-0.09283,
1563436227757151232,0.57185,-0.88500,-0.36078,0.76791,0.62299,0.14188,-0.04548,0.00325,-0.18170,-0.04744,
1563436227857192448,0.57639,-0.89708,-0.37207,0.76134,0.62484,0.17082,-0.02766,-0.00509,-0.16363,-0.11133,
1563436227957219584,0.57102,-0.86215,-0.37385,0.75843,0.61239,0.21925,-0.04115,-0.04446,-0.12302,-0.16091,
1563436228057268736,0.58547,-0.78622,-0.35065,0.75253,0.59474,0.27210,-0.07707,-0.07296,0.03230,-0.14291,
1563436228157342976,0.58161,-0.77534,-0.35620,0.74954,0.56862,0.32559,-0.09409,-0.05072,0.07320,0.01146,
1563436228257443072,0.58221,-0.76164,-0.33901,0.76873,0.55116,0.32298,-0.03090,0.05114,0.17613,0.32385,
1563436228357573888,0.58725,-0.74798,-0.29380,0.78841,0.54888,0.25568,0.10851,0.00627,0.08156,0.46310,
1563436228457630720,0.58475,-0.74894,-0.24869,0.79325,0.56365,0.15503,0.17036,-0.07618,-0.07874,0.38175,
1563436228557607168,0.57569,-0.76414,-0.21823,0.78938,0.58644,0.07697,0.16446,-0.14189,-0.18945,0.19935,
1563436228657528832,0.56130,-0.78832,-0.20791,0.78835,0.60450,0.03684,0.10825,-0.18920,-0.21738,0.00883,
1563436228757454592,0.54025,-0.80045,-0.20971,0.79313,0.60554,0.06048,0.02454,-0.23731,-0.11651,-0.11182,
1563436228857376512,0.52086,-0.81509,-0.22980,0.79887,0.57741,0.15553,-0.06493,-0.28847,-0.07527,-0.18424,
1563436228957323776,0.49431,-0.81932,-0.25277,0.78092,0.55446,0.24421,-0.15201,-0.28785,-0.11226,-0.12749,
1563436229057345024,0.47017,-0.82479,-0.25195,0.78437,0.53616,0.24222,-0.19655,-0.19341,0.01341,0.03718,
1563436229157437184,0.46295,-0.82852,-0.24057,0.74877,0.58733,0.26643,-0.15302,-0.15851,-0.08326,0.12671,
1563436229257511680,0.44525,-0.83035,-0.22737,0.77522,0.55427,0.22744,-0.20022,-0.19674,0.04261,0.09485,
1563436229357580032,0.41988,-0.83602,-0.22951,0.76000,0.56508,0.25017,-0.20124,-0.17168,-0.04210,0.09168,
1563436229457620992,0.40377,-0.83116,-0.22973,0.74506,0.57154,0.27614,-0.20488,-0.19369,0.04993,0.03940,
1563436229557683456,0.38702,-0.83129,-0.21837,0.75495,0.54958,0.27395,-0.23014,-0.17527,0.08442,0.05942,
1563436229657781504,0.37703,-0.82920,-0.22829,0.73376,0.57109,0.29543,-0.21946,-0.17249,-0.00455,0.06427,
1563436229757867520,0.36200,-0.82407,-0.22802,0.73301,0.56680,0.30038,-0.22628,-0.18280,0.09487,0.06023,
1563436229857979136,0.33683,-0.82675,-0.22149,0.72483,0.57784,0.29703,-0.22910,-0.14838,0.01504,0.11340,
1563436229956167936,0.32497,-0.82321,-0.20957,0.71664,0.59079,0.30308,-0.21336,-0.16435,0.05442,0.11705,
1563436230056246272,0.32051,-0.82805,-0.19335,0.72784,0.57923,0.28481,-0.23155,-0.13440,0.00559,0.15762,
1563436230156318720,0.30767,-0.82779,-0.17987,0.72489,0.58495,0.28503,-0.22611,-0.15050,-0.02444,0.13434,
1563436230256354048,0.28044,-0.83211,-0.17425,0.71175,0.59472,0.29721,-0.22667,-0.19213,-0.00509,0.11903,
1563436230356382976,0.25566,-0.82573,-0.17585,0.71058,0.59540,0.29913,-0.22603,-0.20559,0.03836,0.09564,
1563436230456442112,0.23747,-0.81881,-0.16474,0.71129,0.59714,0.29415,-0.22576,-0.19636,0.08653,0.07246,
1563436230556491264,0.25044,-0.80749,-0.15601,0.71867,0.59016,0.28290,-0.23494,-0.13503,0.07256,0.07609,
1563436230656524288,0.23407,-0.80911,-0.14614,0.71474,0.59089,0.28967,-0.23683,-0.13952,-0.01283,0.13148,
