1564053804034835712,-0.05881,0.40700,-0.01119,0.51810,-0.61480,0.36992,0.46557,
1564053804133895936,-0.06641,0.44658,-0.01411,0.51617,-0.61602,0.36757,0.46795,
1564053804233895680,-0.07372,0.48493,-0.01571,0.51443,-0.61715,0.36528,0.47017,
1564053804333895936,-0.08146,0.52247,-0.01510,0.51276,-0.61845,0.36284,0.47218,
1564053804432722688,-0.08913,0.55825,-0.01400,0.51126,-0.61968,0.36045,0.47401,
1564053804532722944,-0.09637,0.59125,-0.01445,0.50987,-0.62065,0.35836,0.47582,
1564053804631193856,-0.10329,0.62185,-0.01628,0.50845,-0.62153,0.35647,0.47761,
1564053804731193856,-0.10985,0.64994,-0.01735,0.50714,-0.62230,0.35477,0.47927,
1564053804831193856,-0.11537,0.67305,-0.01670,0.50627,-0.62292,0.35324,0.48052,
1564053804936518912,-0.12015,0.69306,-0.01536,0.50549,-0.62350,0.35188,0.48156,
1564053805036519168,-0.12362,0.70699,-0.01528,0.50488,-0.62394,0.35091,0.48235,
1564053805534400768,-0.11913,0.68966,-0.01547,0.50634,-0.62265,0.35273,0.48115,
1564053806534470912,-0.11360,0.67070,-0.01591,0.50814,-0.62150,0.35471,0.47928,
1564053806733585152,-0.10757,0.64483,-0.01615,0.50972,-0.62032,0.35663,0.47771,
1564053806833584896,-0.10395,0.62975,-0.01576,0.51061,-0.61972,0.35771,0.47673,
1564053806932637952,-0.10033,0.61321,-0.01520,0.51154,-0.61908,0.35882,0.47573,
1564053807032637952,-0.09651,0.59528,-0.01480,0.51248,-0.61843,0.36001,0.47465,
1564053807132637952,-0.09220,0.57591,-0.01460,0.51344,-0.61777,0.36130,0.47350,
1564053807231906048,-0.08787,0.55547,-0.01444,0.51437,-0.61700,0.36270,0.47242,
1564053807331905792,-0.08348,0.53418,-0.01404,0.51526,-0.61636,0.36410,0.47121,
1564053807435920896,-0.07844,0.50972,-0.01337,0.51644,-0.61554,0.36563,0.46979,
1564053807535920896,-0.07353,0.48461,-0.01298,0.51761,-0.61468,0.36722,0.46840,
1564053807635920896,-0.06845,0.45758,-0.01276,0.51896,-0.61364,0.36898,0.46688,
1564053807734320896,-0.06324,0.42939,-0.01245,0.52028,-0.61264,0.37088,0.46522,
1564053807834320896,-0.05763,0.39921,-0.01194,0.52170,-0.61159,0.37282,0.46345,
1564053807933868800,-0.05313,0.36724,-0.01151,0.52315,-0.61050,0.37478,0.46167,
1564053808033868800,-0.04637,0.33483,-0.01013,0.52468,-0.60938,0.37682,0.45975,
1564053808133869056,-0.04150,0.30027,-0.00994,0.52633,-0.60807,0.37904,0.45777,
1564053808333132032,-0.03216,0.22866,-0.01009,0.52955,-0.60555,0.38350,0.45366,
1564053808533470976,-0.02226,0.15129,-0.00893,0.53291,-0.60279,0.38837,0.44924,
1564053808633470976,-0.01770,0.11167,-0.00862,0.53453,-0.60141,0.39085,0.44701,
1564053808737581824,-0.01351,0.07011,-0.00842,0.53637,-0.59989,0.39344,0.44458,
1564053808837581824,-0.01020,0.02947,-0.00843,0.53824,-0.59828,0.39600,0.44220,
1564053808936555008,-0.00683,-0.01090,-0.00792,0.54016,-0.59671,0.39849,0.43974,
1564053809036554752,-0.00369,-0.05299,-0.00743,0.54202,-0.59504,0.40113,0.43731,
1564053809136555008,-0.00101,-0.09244,-0.00693,0.54380,-0.59354,0.40354,0.43491,
1564053809235447808,-0.00095,-0.12753,-0.00861,0.54538,-0.59213,0.40581,0.43273,
1564053809335447808,0.00324,-0.16371,-0.00548,0.54687,-0.59079,0.40793,0.43069,
1564053809435292928,0.00488,-0.19479,-0.00476,0.54824,-0.58957,0.40986,0.42879,
1564053809535292928,0.00617,-0.22345,-0.00414,0.54941,-0.58849,0.41156,0.42713,
1564053809635292928,0.00721,-0.25012,-0.00359,0.55058,-0.58739,0.41322,0.42554,
1564053809731651072,0.00805,-0.27621,-0.00247,0.55177,-0.58628,0.41488,0.42390,
1564053809831651072,0.00962,-0.30320,-0.00218,0.55282,-0.58528,0.41649,0.42234,
1564053809935352832,0.01067,-0.33391,-0.00139,0.55397,-0.58413,0.41829,0.42064,
1564053810035352832,0.01159,-0.36336,-0.00064,0.55516,-0.58299,0.42013,0.41881,
1564053810135352832,0.01225,-0.39537,0.00015,0.55651,-0.58169,0.42209,0.41685,
1564053810234742784,0.01277,-0.42740,0.00089,0.55786,-0.58042,0.42401,0.41488,
1564053810334742784,0.01296,-0.45886,0.00171,0.55917,-0.57910,0.42594,0.41298,
1564053810433402112,0.01310,-0.48683,0.00255,0.56029,-0.57798,0.42766,0.41125,
1564053810533401856,0.01317,-0.51167,0.00332,0.56123,-0.57704,0.42921,0.40968,
1564053810633402112,0.01318,-0.53095,0.00395,0.56210,-0.57616,0.43047,0.40840,
1564053811733718784,0.01322,-0.51298,0.00284,0.56135,-0.57693,0.42947,0.40938,
1564053811932715776,0.01358,-0.48113,0.00209,0.56000,-0.57823,0.42759,0.41136,
1564053812032715776,0.01406,-0.45523,0.00149,0.55892,-0.57928,0.42609,0.41290,
1564053812132716032,0.01432,-0.42313,0.00068,0.55753,-0.58062,0.42420,0.41484,
1564053812231266816,0.01399,-0.38535,-0.00020,0.55593,-0.58211,0.42187,0.41727,
1564053812331266816,0.01344,-0.34198,-0.00090,0.55420,-0.58377,0.41929,0.41985,
1564053812435898880,0.01240,-0.29264,-0.00164,0.55226,-0.58558,0.41639,0.42276,
1564053812535898880,0.01066,-0.24233,-0.00275,0.55004,-0.58757,0.41329,0.42591,
1564053812635898880,0.00833,-0.19024,-0.00402,0.54777,-0.58961,0.41014,0.42906,
1564053812734571008,0.00543,-0.13758,-0.00518,0.54543,-0.59167,0.40687,0.43231,
1564053812834571008,0.00206,-0.08418,-0.00626,0.54307,-0.59377,0.40364,0.43542,
1564053812933952768,-0.00197,-0.03260,-0.00725,0.54089,-0.59571,0.40045,0.43842,
1564053813033953024,-0.00642,0.01777,-0.00820,0.53874,-0.59754,0.39734,0.44139,
1564053813232508928,-0.01673,0.11550,-0.00976,0.53441,-0.60117,0.39123,0.44715,
1564053813332508928,-0.02246,0.16323,-0.01032,0.53227,-0.60293,0.38824,0.44994,
1564053813531196160,-0.03456,0.25303,-0.01178,0.52826,-0.60611,0.38260,0.45518,
1564053813735799808,-0.04601,0.33102,-0.01320,0.52470,-0.60883,0.37765,0.45979,
1564053813934200832,-0.05403,0.37702,-0.01396,0.52218,-0.61079,0.37432,0.46276,
1564053814233274880,-0.05170,0.36267,-0.01411,0.52296,-0.61007,0.37554,0.46184,
1564053816833057024,-0.03543,0.36887,-0.02595,0.52245,-0.61094,0.37473,0.46192,
1564053816932510976,-0.02148,0.37193,-0.03722,0.52248,-0.61080,0.37488,0.46196,
1564053817032510976,-0.00466,0.37523,-0.05137,0.52235,-0.61071,0.37511,0.46203,
1564053817232413952,0.03130,0.38374,-0.08172,0.52212,-0.61043,0.37550,0.46235,
1564053817436157952,0.06947,0.39250,-0.11090,0.52223,-0.61040,0.37548,0.46229,
1564053817636157952,0.10756,0.40019,-0.14147,0.52188,-0.61054,0.37558,0.46242,
1564053817834736896,0.14543,0.40770,-0.17220,0.52138,-0.61075,0.37569,0.46260,
1564053818032978944,0.18004,0.41593,-0.18915,0.52119,-0.61087,0.37576,0.46262,
1564053818232279808,0.22019,0.42537,-0.16041,0.52384,-0.61298,0.37228,0.45963,
1564053818531778816,0.28476,0.44052,-0.09863,0.52914,-0.61674,0.36550,0.45393,
1564053818631779072,0.30524,0.44513,-0.08263,0.53081,-0.61773,0.36359,0.45216,
1564053818936265984,0.37230,0.46067,-0.00639,0.53713,-0.62164,0.35590,0.44542,
1564053819135660800,0.40860,0.46913,0.04081,0.54064,-0.62395,0.35136,0.44151,
1564053819433270016,0.44113,0.47568,0.01461,0.54064,-0.62372,0.35167,0.44159,
1564053820732609792,0.43189,0.47251,-0.01048,0.53814,-0.62168,0.35554,0.44443,
1564053821036267776,0.42183,0.47174,-0.01463,0.53661,-0.62080,0.35745,0.44597,
1564053821237952000,0.41349,0.46874,-0.03155,0.53479,-0.61954,0.36002,0.44783,
1564053821437951744,0.40374,0.46636,-0.05130,0.53258,-0.61792,0.36309,0.45021,
1564053821636748800,0.38916,0.46430,-0.06194,0.53024,-0.61647,0.36599,0.45261,
1564053821835518720,0.37005,0.45885,-0.09647,0.52629,-0.61346,0.37149,0.45682,
1564053822033498880,0.34893,0.45375,-0.12832,0.52215,-0.61056,0.37680,0.46109,
1564053822232139776,0.32951,0.45024,-0.14545,0.51881,-0.60838,0.38083,0.46441,
1564053822332140032,0.31920,0.44786,-0.15992,0.51688,-0.60699,0.38325,0.46638,
1564053822536064768,0.29904,0.44210,-0.19237,0.51275,-0.60387,0.38854,0.47061,
1564053822934676992,0.26137,0.43414,-0.23254,0.50633,-0.59921,0.39635,0.47695,
1564053823133863936,0.24209,0.42887,-0.25922,0.50274,-0.59653,0.40075,0.48043,
1564053823432293888,0.22062,0.42422,-0.27999,-0.49903,0.59381,-0.40512,-0.48398,
1564053823631652096,0.20941,0.42146,-0.29425,-0.49688,0.59220,-0.40763,-0.48606,
1564053823835138816,0.20322,0.41969,-0.30208,-0.49567,0.59128,-0.40917,-0.48712,
1564053824433894912,0.19068,0.41740,-0.29185,-0.49584,0.59111,-0.40931,-0.48704,
1564053824532512000,0.17851,0.41492,-0.28005,-0.49590,0.59108,-0.40934,-0.48698,
1564053824732102912,0.14163,0.40737,-0.24109,-0.49624,0.59116,-0.40911,-0.48673,
1564053824932102912,0.09598,0.39737,-0.19673,-0.49626,0.59118,-0.40914,-0.48666,
1564053825037442048,0.07042,0.39190,-0.17343,-0.49619,0.59120,-0.40922,-0.48664,
1564053825235252736,0.01854,0.38170,-0.12430,-0.49651,0.59103,-0.40922,-0.48651,
1564053825335252736,-0.00909,0.37617,-0.09709,-0.49680,0.59093,-0.40922,-0.48635,
1564053825435252992,-0.03761,0.37011,-0.06965,-0.49715,0.59061,-0.40936,-0.48625,
1564053825633751040,-0.09812,0.35729,-0.01249,-0.49747,0.59027,-0.40951,-0.48622,
1564053825732248832,-0.12671,0.35158,0.01634,-0.49747,0.59035,-0.40949,-0.48614,
1564053827431851776,-0.13020,0.35134,0.01847,-0.49871,0.58989,-0.40987,-0.48510,
1564053827635493120,-0.11126,0.35594,0.00337,-0.49895,0.59011,-0.40957,-0.48483,
1564053827734699008,-0.10028,0.35765,-0.01120,-0.49874,0.58984,-0.40990,-0.48511,
1564053827834699008,-0.08814,0.35969,-0.02596,-0.49863,0.58965,-0.41014,-0.48525,
1564053828133417984,-0.04845,0.36818,-0.05823,-0.49857,0.59003,-0.40973,-0.48519,
1564053828332487936,-0.01875,0.37380,-0.08987,-0.49809,0.59010,-0.40994,-0.48542,
1564053828631692800,0.03202,0.38330,-0.13661,-0.49791,0.59056,-0.40967,-0.48529,
1564053828735236864,0.05128,0.38764,-0.15598,-0.49780,0.59060,-0.40977,-0.48526,
1564053828935236864,0.08895,0.39504,-0.19491,-0.49748,0.59065,-0.40994,-0.48537,
1564053829134721024,0.12786,0.40306,-0.22984,-0.49762,0.59073,-0.40981,-0.48525,
1564053829333388800,0.16599,0.41106,-0.26797,-0.49758,0.59064,-0.40990,-0.48532,
1564053829532885760,0.20434,0.41908,-0.30569,-0.49759,0.59050,-0.41007,-0.48534,
1564053829732034816,0.24241,0.42666,-0.34117,-0.49769,0.59049,-0.41004,-0.48527,
1564053830334407168,0.27368,0.43296,-0.36597,-0.49791,0.59061,-0.40986,-0.48505,
1564053830533236992,0.27205,0.43248,-0.37565,-0.49737,0.59015,-0.41048,-0.48564,
1564053831533738752,0.26765,0.43213,-0.36694,-0.49794,0.59028,-0.41022,-0.48513,
1564053831733739008,0.25644,0.42913,-0.36137,-0.49769,0.59001,-0.41052,-0.48545,
1564053831833937920,0.24856,0.42769,-0.35204,-0.49778,0.59012,-0.41042,-0.48531,
1564053831933937920,0.23995,0.42635,-0.34036,-0.49806,0.59027,-0.41012,-0.48510,
1564053832131775744,0.22094,0.42234,-0.32287,-0.49808,0.59023,-0.41014,-0.48511,
1564053832430716672,0.19175,0.41619,-0.29585,-0.49791,0.59026,-0.41010,-0.48528,
1564053832635219968,0.17241,0.41271,-0.27586,-0.49816,0.59023,-0.40996,-0.48518,
1564053832834779648,0.14880,0.40694,-0.25783,-0.49798,0.58998,-0.41023,-0.48544,
1564053833034617856,0.12111,0.40102,-0.22666,-0.49811,0.59030,-0.40986,-0.48522,
1564053833234617600,0.09170,0.39498,-0.19899,-0.49807,0.59030,-0.40992,-0.48523,
1564053833433608960,0.06174,0.38860,-0.17284,-0.49794,0.59016,-0.41006,-0.48541,
1564053833633547008,0.03132,0.38221,-0.14028,-0.49806,0.59031,-0.40981,-0.48530,
1564053833837928704,0.00072,0.37598,-0.11359,-0.49805,0.59013,-0.40985,-0.48551,
1564053834035412992,-0.02891,0.37014,-0.08476,-0.49833,0.58997,-0.40983,-0.48543,
1564053834235412992,-0.05953,0.36366,-0.05403,-0.49872,0.58978,-0.40973,-0.48535,
1564053834435838976,-0.09004,0.35720,-0.02615,-0.49880,0.58960,-0.40978,-0.48545,
1564053834633868032,-0.12003,0.35097,0.00379,-0.49883,0.58975,-0.40961,-0.48538,
1564053834831088896,-0.14960,0.34434,0.03185,-0.49885,0.58972,-0.40965,-0.48534,
1564053834931088896,-0.16422,0.34092,0.04589,-0.49876,0.58975,-0.40966,-0.48540,
1564053835134840064,-0.18816,0.33610,0.07223,-0.49885,0.58988,-0.40948,-0.48529,
1564053838331851776,-0.18385,0.33712,0.09387,0.50148,-0.59201,0.40601,0.48291,
1564053838531534080,-0.17378,0.33927,0.10386,0.50380,-0.59355,0.40343,0.48076,
1564053838731534080,-0.16349,0.34147,0.11610,0.50636,-0.59540,0.40047,0.47826,
1564053838935073024,-0.15250,0.34385,0.13040,0.50915,-0.59742,0.39717,0.47551,
1564053840633420032,-0.14303,0.33145,0.13906,0.51154,-0.59814,0.39587,0.47312,
1564053840831666944,-0.13846,0.30139,0.13886,0.51293,-0.59701,0.39776,0.47146,
1564053840931666944,-0.13482,0.27894,0.13933,0.51395,-0.59614,0.39922,0.47021,
1564053841032262912,-0.13067,0.25184,0.14024,0.51519,-0.59508,0.40093,0.46873,
1564053841232262912,-0.12177,0.18752,0.14197,0.51821,-0.59256,0.40505,0.46504,
1564053841335302912,-0.11691,0.15036,0.14254,0.51992,-0.59107,0.40740,0.46298,
1564053841535017984,-0.10840,0.07385,0.14410,0.52360,-0.58799,0.41211,0.45856,
1564053841735017728,-0.10168,0.00563,0.14569,0.52698,-0.58514,0.41641,0.45443,
1564053842032449024,-0.09717,-0.04553,0.14729,0.52910,-0.58323,0.41944,0.45162,
1564053842232449024,-0.09581,-0.06448,0.14743,0.52990,-0.58249,0.42048,0.45068,
1564053842431348736,-0.09383,-0.08746,0.14878,0.53107,-0.58151,0.42190,0.44923,
1564053842634726144,-0.09166,-0.12048,0.14942,0.53243,-0.58019,0.42391,0.44743,
1564053842734725888,-0.09038,-0.13981,0.14987,0.53330,-0.57940,0.42507,0.44632,
1564053842834848768,-0.08912,-0.15991,0.15004,0.53427,-0.57859,0.42631,0.44503,
1564053842934848768,-0.08825,-0.18048,0.15028,0.53517,-0.57777,0.42757,0.44380,
1564053843033481728,-0.08731,-0.20007,0.15053,0.53605,-0.57697,0.42875,0.44264,
1564053843133481728,-0.08639,-0.21934,0.15080,0.53693,-0.57620,0.42989,0.44147,
1564053843233481984,-0.08568,-0.23801,0.15103,0.53781,-0.57539,0.43111,0.44028,
1564053843432711168,-0.08448,-0.26668,0.15185,0.53926,-0.57393,0.43301,0.43852,
1564053843935619840,-0.08503,-0.24814,0.15114,0.53815,-0.57479,0.43181,0.43994,
1564053844532735232,-0.08626,-0.21377,0.15083,0.53716,-0.57568,0.43016,0.44160,
1564053844632340992,-0.08774,-0.18486,0.15009,0.53580,-0.57694,0.42829,0.44343,
1564053844732340736,-0.08946,-0.14703,0.14887,0.53405,-0.57850,0.42606,0.44565,
1564053844830759936,-0.09203,-0.10093,0.14767,0.53197,-0.58034,0.42331,0.44836,
1564053844930759936,-0.09602,-0.04551,0.14655,0.52934,-0.58267,0.41984,0.45169,
1564053845136158720,-0.10737,0.08357,0.14457,0.52352,-0.58781,0.41194,0.45904,
1564053845236158720,-0.11509,0.15068,0.14306,0.52019,-0.59063,0.40761,0.46305,
1564053845434891008,-0.13337,0.28710,0.14050,0.51348,-0.59617,0.39887,0.47099,
1564053845635658752,-0.15455,0.41814,0.13793,0.50699,-0.60123,0.39047,0.47856,
1564053845833376000,-0.17462,0.52511,0.13609,0.50133,-0.60560,0.38329,0.48477,
1564053846233014784,-0.17524,0.53059,0.13633,0.50136,-0.60547,0.38320,0.48497,
1564053846338743808,-0.17077,0.50814,0.13567,0.50267,-0.60429,0.38491,0.48374,
1564053846635674624,-0.17493,0.52580,0.13628,0.50151,-0.60541,0.38366,0.48454,
1564053846735674880,-0.18123,0.55748,0.13499,-0.49998,0.60646,-0.38145,-0.48654,
1564053846835629056,-0.19052,0.60236,0.13356,-0.49782,0.60806,-0.37869,-0.48891,
1564053846935628800,-0.20306,0.65977,0.13317,-0.49495,0.61011,-0.37510,-0.49203,
1564053847133616896,-0.23474,0.79201,0.13279,-0.48761,0.61541,-0.36583,-0.49967,
1564053847331231232,-0.25575,0.86889,0.13249,-0.48317,0.61844,-0.36055,-0.50406,
1564053847531230976,-0.24616,0.83399,0.13387,-0.48550,0.61671,-0.36322,-0.50202,
1564053847635386880,-0.23733,0.80205,0.13279,-0.48790,0.61474,-0.36551,-0.50045,
1564053847735386880,-0.23344,0.78396,0.13124,-0.48884,0.61403,-0.36702,-0.49930,
1564053848034542080,-0.23990,0.81370,0.13255,-0.48643,0.61608,-0.36418,-0.50119,
1564053848432155136,-0.23394,0.78741,0.13202,-0.48764,0.61501,-0.36601,-0.50001,
1564053848532155136,-0.22576,0.75386,0.13204,-0.48942,0.61380,-0.36836,-0.49803,
1564053848631027968,-0.21396,0.70513,0.13148,-0.49199,0.61182,-0.37184,-0.49533,
1564053848731027968,-0.19936,0.64400,0.13187,-0.49499,0.60964,-0.37588,-0.49197,
1564053848934807808,-0.16767,0.49236,0.13510,0.50265,-0.60396,0.38584,0.48342,
1564053849034807808,-0.15209,0.41210,0.13655,0.50659,-0.60092,0.39106,0.47889,
1564053849134206720,-0.13855,0.33264,0.13699,0.51056,-0.59773,0.39624,0.47438,
1564053849334978816,-0.11834,0.19351,0.13942,0.51750,-0.59205,0.40537,0.46621,
1564053849534978816,-0.10795,0.11681,0.14291,0.52131,-0.58910,0.41034,0.46132,
1564053849830924800,-0.11223,0.15436,0.14101,0.51882,-0.59120,0.40760,0.46387,
1564053849930924800,-0.11460,0.17635,0.14045,0.51756,-0.59232,0.40601,0.46523,
1564053850333942784,-0.11309,0.15822,0.14079,0.51956,-0.59065,0.40768,0.46368,
1564053850633397760,-0.11741,0.19300,0.14020,0.51779,-0.59220,0.40542,0.46564,
1564053850733397760,-0.12199,0.22935,0.13925,0.51597,-0.59369,0.40317,0.46773,
1564053850931855872,-0.13723,0.33290,0.13663,0.51058,-0.59785,0.39645,0.47403,
1564053851031855872,-0.14562,0.38860,0.13612,0.50760,-0.60027,0.39272,0.47728,
1564053851230724096,-0.15809,0.45564,0.13530,0.50406,-0.60310,0.38813,0.48119,
1564053851435854848,-0.15349,0.43158,0.13648,0.50560,-0.60199,0.38992,0.47951,
1564053852635076096,-0.14261,0.36440,0.13404,0.50780,-0.59996,0.39399,0.47640,
1564053852735075840,-0.13625,0.32536,0.13539,0.50998,-0.59829,0.39658,0.47402,
1564053852835408896,-0.12845,0.27302,0.13693,0.51270,-0.59616,0.39996,0.47092,
1564053853035408896,-0.11055,0.13937,0.13834,0.51940,-0.59058,0.40871,0.46303,
1564053853232645120,-0.09675,0.00029,0.14139,0.52639,-0.58459,0.41754,0.45478,
1564053853331975936,-0.09181,-0.05948,0.14383,0.52925,-0.58219,0.42124,0.45112,
1564053853431975936,-0.08810,-0.10908,0.14519,0.53142,-0.58023,0.42438,0.44814,
1564053853631149056,-0.08381,-0.17506,0.14588,0.53450,-0.57734,0.42866,0.44412,
1564053853935940864,-0.08546,-0.15711,0.14617,0.53376,-0.57805,0.42760,0.44511,
1564053854035940864,-0.08587,-0.13798,0.14527,0.53267,-0.57905,0.42637,0.44629,
1564053856734256896,-0.09186,-0.13050,0.12207,0.53225,-0.57737,0.42807,0.44733,
1564053856932931840,-0.09674,-0.13159,0.07631,0.52943,-0.57508,0.43141,0.45042,
1564053857133020928,-0.10242,-0.13294,0.04452,0.52725,-0.57344,0.43393,0.45262,
1564053857333020672,-0.10650,-0.13384,0.01613,0.52545,-0.57204,0.43613,0.45439,
1564053857531834880,-0.11165,-0.13486,-0.01977,0.52320,-0.57024,0.43873,0.45674,
1564053857735749120,-0.11598,-0.13582,-0.04659,0.52153,-0.56875,0.44070,0.45860,
1564053857934555136,-0.11840,-0.13676,-0.06806,0.52017,-0.56756,0.44232,0.46007,
1564053858133755648,-0.09553,-0.13514,-0.07091,0.52384,-0.57035,0.43821,0.45635,
1564053858233755904,-0.07553,-0.13216,-0.04567,0.52814,-0.57382,0.43318,0.45183,
1564053858333755648,-0.05395,-0.12921,-0.00878,0.53341,-0.57823,0.42681,0.44606,
1564053858432215040,-0.03461,-0.12481,0.02212,0.53865,-0.58256,0.42032,0.44023,
1564053858532214784,-0.01609,-0.12454,0.04433,0.54291,-0.58582,0.41519,0.43553,
1564053858834583040,-0.00600,-0.12396,0.02705,0.54538,-0.58744,0.41240,0.43290,
1564053859036665856,-0.00554,-0.12796,-0.00338,0.54347,-0.58592,0.41477,0.43509,
1564053859235968768,-0.01445,-0.12595,-0.03008,0.54200,-0.58499,0.41648,0.43654,
1564053859933371904,-0.01614,-0.11639,-0.04446,0.54103,-0.58429,0.41726,0.43794,
1564053860033371904,-0.01710,-0.10164,-0.04736,0.54014,-0.58481,0.41647,0.43908,
1564053860134852864,-0.01853,-0.07530,-0.04354,0.53939,-0.58596,0.41465,0.44021,
1564053860234852864,-0.02251,-0.03648,-0.04003,0.53798,-0.58775,0.41193,0.44208,
1564053860435127808,-0.03193,0.07223,-0.04747,0.53297,-0.59171,0.40566,0.44862,
1564053860535127808,-0.03811,0.13437,-0.05242,0.52979,-0.59409,0.40197,0.45254,
1564053860732758784,-0.05354,0.25160,-0.04903,0.52467,-0.59896,0.39423,0.45887,
1564053860931810816,-0.06368,0.32548,-0.05048,0.52131,-0.60173,0.38921,0.46334,
1564053861230405888,-0.05822,0.28587,-0.05192,0.52392,-0.59937,0.39243,0.46072,
1564053861330405632,-0.05621,0.26548,-0.05025,0.52509,-0.59853,0.39367,0.45943,
1564053861634819840,-0.05813,0.27833,-0.05492,0.52356,-0.59947,0.39294,0.46057,
1564053862634622720,-0.06016,0.29342,-0.06579,0.52300,-0.60020,0.39208,0.46099,
1564053862734622976,-0.05999,0.29377,-0.10771,0.52218,-0.59953,0.39328,0.46176,
1564053862933973760,-0.07072,0.29316,-0.26910,0.51426,-0.59420,0.40244,0.46959,
1564053863233038848,-0.07150,0.29320,-0.25097,0.51410,-0.59498,0.40222,0.46895,
1564053863333039104,-0.07008,0.29398,-0.22234,0.51563,-0.59625,0.40029,0.46732,
1564053863532040960,-0.07328,0.29502,-0.24486,0.51380,-0.59460,0.40239,0.46962,
1564053863731668736,-0.07402,0.29473,-0.23108,0.51501,-0.59458,0.40141,0.46915,
1564053863934718976,-0.07139,0.29214,-0.18332,0.51725,-0.59594,0.39927,0.46680,
1564053864134020864,-0.07219,0.29441,-0.15776,0.51781,-0.59648,0.39845,0.46618,
1564053864334020864,-0.07216,0.29772,-0.11948,0.51908,-0.59765,0.39658,0.46487,
1564053864534354944,-0.07177,0.29577,-0.07374,0.52071,-0.59875,0.39495,0.46299,
1564053864731753728,-0.07222,0.29562,-0.03151,0.52203,-0.59993,0.39331,0.46138,
1564053864930576128,-0.07214,0.29874,0.01679,0.52335,-0.60138,0.39119,0.45980,
1564053865030575872,-0.07206,0.30004,0.04155,0.52410,-0.60212,0.39014,0.45886,
1564053865135076096,-0.07193,0.30043,0.06693,0.52493,-0.60287,0.38909,0.45783,
1564053865235075840,-0.07189,0.30032,0.09155,0.52576,-0.60352,0.38812,0.45684,
1564053865534116864,-0.07101,0.30114,0.16858,0.52811,-0.60566,0.38513,0.45383,
1564053865732830976,-0.06993,0.30298,0.22027,0.52965,-0.60714,0.38296,0.45189,
1564053865931788032,-0.06853,0.30382,0.27303,0.53130,-0.60849,0.38091,0.44986,
1564053866130268928,-0.06619,0.30628,0.32626,0.53281,-0.60996,0.37871,0.44793,
1564053866330269184,-0.06315,0.31021,0.37568,0.53406,-0.61198,0.37652,0.44553,
1564053866634834688,-0.06541,0.31772,0.34251,0.53246,-0.61100,0.37760,0.44786,
1564053866834834688,-0.06493,0.31014,0.27835,0.53253,-0.60970,0.37927,0.44814,
1564053866933757696,-0.07110,0.30575,0.20364,0.52943,-0.60758,0.38356,0.45104,
1564053867033757952,-0.07064,0.30569,0.12398,0.52582,-0.60507,0.38796,0.45485,
1564053867331936000,-0.06848,0.30923,0.10701,0.52636,-0.60382,0.38678,0.45688,
1564053867431002880,-0.06792,0.30388,0.13420,0.52867,-0.60452,0.38541,0.45445,
1564053867635104768,-0.06678,0.29751,0.10284,0.52705,-0.60291,0.38804,0.45623,
1564053868034555904,-0.06866,0.31093,0.12897,0.52792,-0.60485,0.38514,0.45511,
1564053868233530880,-0.06802,0.30887,0.09548,0.52594,-0.60330,0.38812,0.45693,
1564053868531544064,-0.05355,0.30880,0.07111,0.52379,-0.60083,0.39123,0.45999,
1564053868731920128,-0.05157,0.31092,0.04816,0.52196,-0.59938,0.39328,0.46220,
1564053869433324800,-0.04385,0.31472,0.01499,0.51896,-0.59757,0.39649,0.46518,
1564053869732230912,-0.03641,0.30886,-0.01036,0.51719,-0.59488,0.39991,0.46766,
1564053869931129088,-0.03222,0.30985,-0.04194,0.51450,-0.59272,0.40277,0.47091,
1564053870131128832,-0.02733,0.31406,-0.06362,0.51235,-0.59117,0.40486,0.47340,
1564053870335732992,-0.02253,0.31281,-0.08234,0.51035,-0.58992,0.40742,0.47492,
1564053870932153856,-0.02879,0.31252,-0.05888,0.51234,-0.59202,0.40503,0.47219,
1564053871132154112,-0.03138,0.31097,-0.03105,0.51490,-0.59372,0.40234,0.46957,
1564053871439342080,-0.04029,0.31536,0.00088,0.51775,-0.59642,0.39827,0.46646,
1564053871639341824,-0.04633,0.31323,0.02943,0.52036,-0.59824,0.39532,0.46373,
1564053871836035072,-0.05316,0.30930,0.05246,0.52281,-0.59983,0.39262,0.46122,
1564053872036101888,-0.06099,0.30959,0.07842,0.52511,-0.60170,0.38960,0.45873,
1564053872234782976,-0.07090,0.30895,0.10668,0.52761,-0.60359,0.38646,0.45602,
1564053874931122944,-0.08614,0.32195,0.03715,0.52074,-0.60929,0.39173,0.45182,
1564053875031122944,-0.08846,0.34387,0.00771,0.51669,-0.61154,0.39292,0.45239,
1564053875131122944,-0.08857,0.36482,-0.00543,0.51403,-0.61329,0.39221,0.45367,
1564053875434984704,-0.08657,0.34375,0.01102,0.51606,-0.61299,0.39276,0.45129,
1564053875634984704,-0.08292,0.32230,0.00190,0.51594,-0.61337,0.39585,0.44821,
1564053875732965632,-0.08555,0.33505,-0.02326,0.51347,-0.61489,0.39693,0.44800,
1564053875832965888,-0.09249,0.35941,-0.05288,0.50989,-0.61583,0.39741,0.45036,
1564053876131535872,-0.08425,0.38230,-0.04570,0.50771,-0.61744,0.39690,0.45108,
1564053876330898944,-0.09239,0.35241,-0.04030,0.51108,-0.61562,0.39680,0.44985,
1564053876534708992,-0.08484,0.34326,-0.03030,0.51200,-0.61560,0.39724,0.44843,
1564053876733883904,-0.08882,0.36514,-0.05453,0.50925,-0.61597,0.39824,0.45017,
1564053877033085952,-0.07732,0.36627,-0.04087,0.51022,-0.61351,0.39682,0.45366,
1564053877232101888,-0.07405,0.33914,-0.03499,0.51350,-0.60924,0.39752,0.45511,
1564053877531450880,-0.06266,0.33607,-0.00412,0.51700,-0.60565,0.39479,0.45831,
1564053877934538752,-0.05337,0.31083,0.03310,0.52323,-0.59902,0.39208,0.46225,
1564053878134539008,-0.04942,0.29068,0.06349,0.52757,-0.59550,0.39007,0.46357,
1564053878333031936,-0.04410,0.27998,0.09134,0.53127,-0.59240,0.38729,0.46564,
1564053878531613184,-0.03908,0.26555,0.11881,0.53523,-0.58890,0.38531,0.46718,
1564053878731217920,-0.03694,0.24932,0.15096,0.53921,-0.58573,0.38285,0.46862,
1564053878935201024,-0.04072,0.23986,0.18159,0.54244,-0.58315,0.37993,0.47048,
1564053879732362752,-0.04617,0.24698,0.10866,0.53625,-0.58605,0.38574,0.46924,
1564053879832363008,-0.04989,0.26408,0.05937,0.53071,-0.58779,0.38970,0.47009,
1564053879931245824,-0.05052,0.28795,0.03116,0.52549,-0.59106,0.39217,0.46979,
1564053880031245824,-0.05077,0.31504,0.01814,0.52180,-0.59468,0.39302,0.46862,
1564053880131245824,-0.05439,0.33700,0.00370,0.51902,-0.59763,0.39313,0.46787,
1564053880235063808,-0.05933,0.34583,-0.02053,0.51652,-0.59960,0.39473,0.46677,
1564053880433654016,-0.06012,0.33365,-0.07513,0.51120,-0.60230,0.40168,0.46320,
1564053880533654016,-0.05880,0.33219,-0.10068,0.50846,-0.60398,0.40492,0.46120,
1564053880633654016,-0.05914,0.34158,-0.12477,0.50536,-0.60616,0.40705,0.45988,
1564053880733007616,-0.06150,0.35835,-0.14698,0.50202,-0.60843,0.40828,0.45945,
1564053880931832832,-0.07017,0.39284,-0.16908,-0.49683,0.61283,-0.40854,-0.45903,
1564053881131832832,-0.07584,0.39193,-0.14836,-0.49873,0.61464,-0.40688,-0.45600,
1564053881231555840,-0.07737,0.37993,-0.12259,0.50175,-0.61512,0.40502,0.45369,
1564053881331556096,-0.07856,0.36881,-0.10152,0.50462,-0.61471,0.40330,0.45259,
1564053881635757056,-0.07522,0.36700,-0.13571,0.50200,-0.61365,0.40719,0.45346,
1564053881734937856,-0.07536,0.38090,-0.15146,-0.49993,0.61379,-0.40815,-0.45469,
1564053881934937856,-0.07681,0.39888,-0.13609,-0.49952,0.61541,-0.40506,-0.45571,
1564053882133379072,-0.07333,0.36973,-0.10748,0.50461,-0.61223,0.40343,0.45584,
1564053882232267008,-0.06776,0.34881,-0.10083,0.50642,-0.61006,0.40432,0.45595,
1564053882630681856,-0.05956,0.35981,-0.08808,0.50780,-0.60569,0.40228,0.46200,
1564053882834821888,-0.05455,0.35645,-0.05762,0.51162,-0.60315,0.39904,0.46391,
1564053882934821888,-0.05281,0.33806,-0.04736,0.51389,-0.60101,0.39922,0.46404,
1564053883232809728,-0.04244,0.30488,-0.00888,0.52022,-0.59571,0.39720,0.46554,
1564053883533067008,-0.04053,0.30372,0.03010,0.52460,-0.59220,0.39263,0.46897,
1564053897595869952,-0.03661,0.28507,0.01301,0.52398,-0.59073,0.39523,0.46934,
1564053897695869952,-0.03371,0.26396,0.01282,0.52491,-0.58984,0.39643,0.46841,
1564053897792976896,-0.02902,0.22852,0.01230,0.52658,-0.58844,0.39873,0.46634,
1564053897892976896,-0.02260,0.17425,0.01145,0.52922,-0.58619,0.40235,0.46305,
1564053897992976896,-0.01537,0.10626,0.01178,0.53186,-0.58388,0.40645,0.45935,
1564053898144415744,-0.00465,-0.01399,0.01312,0.53724,-0.57931,0.41347,0.45257,
1564053898244416000,-0.00008,-0.10005,0.01349,0.54190,-0.57513,0.41905,0.44717,
1564053898340462080,0.00285,-0.18294,0.01373,0.54609,-0.57123,0.42453,0.44188,
1564053898440461824,0.00416,-0.26658,0.01357,0.55067,-0.56685,0.42995,0.43656,
1564053898529608960,0.00498,-0.33377,0.01377,0.55340,-0.56420,0.43358,0.43293,
1564053898629608960,0.00681,-0.39200,0.01521,0.55514,-0.56260,0.43620,0.43015,
1564053898729608960,0.00886,-0.42674,0.01704,0.55575,-0.56208,0.43740,0.42883,
1564053899033588992,0.00797,-0.39241,0.01693,0.55441,-0.56345,0.43553,0.43066,
1564053899133588736,0.00812,-0.36559,0.01377,0.55306,-0.56441,0.43480,0.43188,
1564053899681509888,0.00634,-0.38103,0.01867,0.55622,-0.56201,0.43509,0.43065,
1564053899878914048,0.00738,-0.35796,0.01109,0.55420,-0.56304,0.43520,0.43180,
1564053899978914048,0.00705,-0.32910,0.00838,0.55300,-0.56386,0.43373,0.43374,
1564053900086202880,0.00635,-0.28389,0.01079,0.55131,-0.56563,0.43072,0.43657,
1564053900186202880,0.00458,-0.22614,0.01591,0.54891,-0.56850,0.42643,0.44007,
1564053900283598848,0.00246,-0.15977,0.01745,0.54596,-0.57156,0.42207,0.44395,
1564053900333598976,0.00028,-0.12084,0.01564,0.54385,-0.57348,0.41977,0.44625,
1564053900433598976,-0.00432,-0.03859,0.01072,0.53976,-0.57675,0.41527,0.45118,
1564053900533974784,-0.01092,0.04949,0.00685,0.53552,-0.58017,0.41020,0.45645,
1564053900633975040,-0.01979,0.14001,0.00751,0.53139,-0.58386,0.40449,0.46166,
1564053900733975040,-0.03127,0.23335,0.01119,0.52710,-0.58783,0.39812,0.46704,
1564053900831432960,-0.04451,0.32610,0.01358,0.52265,-0.59182,0.39169,0.47240,
1564053900931432960,-0.05978,0.42030,0.01273,0.51800,-0.59558,0.38544,0.47791,
1564053901030066944,-0.07629,0.51179,0.00966,0.51326,-0.59907,0.37966,0.48325,
1564053901230066944,-0.11283,0.69028,0.00765,0.50403,-0.60584,0.36811,0.49337,
1564053901334023936,-0.13310,0.77544,0.00987,-0.49980,0.60895,-0.36220,-0.49819,
1564053901384023808,-0.14302,0.81359,0.01089,-0.49783,0.61036,-0.35941,-0.50045,
1564053901484023808,-0.16297,0.88591,0.01242,-0.49398,0.61312,-0.35405,-0.50469,
1564053901583571968,-0.17993,0.94613,0.01314,-0.49034,0.61556,-0.34938,-0.50851,
1564053901683571712,-0.19093,0.98533,0.01209,-0.48767,0.61728,-0.34633,-0.51107,
1564053901983249920,-0.18279,0.94937,0.00449,-0.48819,0.61627,-0.34944,-0.50968,
1564053902082236160,-0.17776,0.92091,0.00675,-0.48965,0.61539,-0.35046,-0.50865,
1564053902635275008,-0.17189,0.89720,-0.00506,-0.48591,0.61753,-0.35072,-0.50945,
1564053902735275008,-0.16262,0.86327,-0.00104,-0.48812,0.61637,-0.35268,-0.50739,
1564053902833406976,-0.14956,0.81427,0.00806,-0.49168,0.61476,-0.35523,-0.50412,
1564053902933406976,-0.13386,0.75020,0.01384,-0.49565,0.61258,-0.35900,-0.50020,
1564053903032742144,-0.11575,0.67528,0.01153,-0.49949,0.60978,-0.36413,-0.49608,
1564053903132741888,-0.09641,0.59282,0.00461,0.50308,-0.60666,0.37033,0.49167,
1564053903331753728,-0.06063,0.42265,0.00135,0.51100,-0.60034,0.38220,0.48207,
1564053903381753856,-0.05291,0.38232,0.00422,0.51317,-0.59886,0.38470,0.47961,
1564053903579813120,-0.02979,0.24459,0.01393,0.52046,-0.59383,0.39248,0.47165,
1564053903784996864,-0.01878,0.16744,0.01221,0.52372,-0.59082,0.39774,0.46738,
1564053903884996864,-0.01580,0.14730,0.00996,0.52451,-0.58984,0.39968,0.46609,
1564053904184454912,-0.01038,0.07954,0.00882,0.52890,-0.58613,0.40500,0.46119,
1564053904283011840,-0.00768,0.04885,0.01178,0.53084,-0.58482,0.40651,0.45928,
1564053904531964928,-0.00069,-0.01477,0.01208,0.53366,-0.58251,0.41062,0.45529,
1564053904928695040,-0.00270,0.00407,0.01264,0.53298,-0.58318,0.40957,0.45616,
1564053905583464960,0.00677,0.00283,0.05781,0.53597,-0.58441,0.40745,0.45297,
1564053905683464960,0.01274,0.00528,0.10023,0.53805,-0.58661,0.40440,0.45039,
1564053905782375936,0.01766,0.00876,0.14541,0.54077,-0.58862,0.40066,0.44783,
1564053905982375936,0.02573,0.01080,0.21915,0.54557,-0.59171,0.39448,0.44342,
1564053906179326976,0.03225,0.00813,0.25818,0.54790,-0.59335,0.39222,0.44035,
1564053906434482176,0.03680,0.00918,0.29979,0.55001,-0.59527,0.38922,0.43778,
1564053906733210880,0.03156,0.00867,0.33939,0.55170,-0.59602,0.38715,0.43647,
1564053906932844032,0.01821,0.00561,0.32162,0.54843,-0.59358,0.39153,0.43998,
1564053907132643072,0.00196,0.00544,0.30271,0.54410,-0.59069,0.39669,0.44461,
1564053907329527808,-0.01735,0.00430,0.29536,0.54062,-0.58803,0.40078,0.44869,
1564053907429528064,-0.02753,0.00154,0.28546,0.53859,-0.58624,0.40349,0.45104,
1564053907589620992,-0.04057,-0.00353,0.26189,0.53458,-0.58287,0.40903,0.45516,
1564053907689620992,-0.04933,-0.00520,0.24835,0.53195,-0.58097,0.41231,0.45771,
1564053907789620992,-0.05928,-0.00579,0.23837,0.52964,-0.57920,0.41514,0.46007,
1564053907889323008,-0.06991,-0.00583,0.23134,0.52746,-0.57760,0.41745,0.46249,
1564053908087476992,-0.08983,-0.00692,0.22532,0.52372,-0.57467,0.42159,0.46662,
1564053908287476992,-0.10831,-0.00932,0.23207,0.52040,-0.57220,0.42562,0.46970,
1564053908437120000,-0.12220,-0.01053,0.24277,0.51830,-0.57063,0.42771,0.47203,
1564053908634840064,-0.14130,-0.01567,0.25711,0.51587,-0.56835,0.43086,0.47456,
1564053908836919040,-0.15949,-0.01997,0.26913,0.51300,-0.56605,0.43443,0.47717,
1564053909036918784,-0.17660,-0.02139,0.28342,0.51050,-0.56409,0.43704,0.47978,
1564053909236440832,-0.19227,-0.02356,0.30446,0.50871,-0.56270,0.43899,0.48153,
1564053909484998656,-0.21172,-0.02707,0.32584,0.50641,-0.56091,0.44153,0.48372,
1564053909784940032,-0.22686,-0.02916,0.34076,0.50443,-0.55933,0.44362,0.48569,
1564053910834414848,-0.23114,-0.02955,0.30394,0.50165,-0.55735,0.44670,0.48802,
1564053911334519808,-0.23650,-0.03123,0.26726,-0.49932,0.55532,-0.44927,-0.49035,
1564053911584044800,-0.23996,-0.03044,0.24028,-0.49731,0.55391,-0.45121,-0.49222,
1564053911882943744,-0.24599,-0.03089,0.20311,-0.49488,0.55192,-0.45365,-0.49465,
1564053912081501952,-0.25009,-0.03151,0.17284,-0.49267,0.55036,-0.45598,-0.49646,
1564053912281501696,-0.25523,-0.03077,0.14468,-0.49067,0.54896,-0.45777,-0.49834,
1564053912478638848,-0.25989,-0.03281,0.11622,-0.48885,0.54727,-0.45992,-0.50000,
1564053912735297792,-0.26425,-0.03286,0.08505,-0.48614,0.54553,-0.46242,-0.50223,
1564053913781283840,-0.26703,-0.01056,0.08487,-0.48543,0.54608,-0.46108,-0.50355,
1564053913884148224,-0.26891,0.00938,0.08453,-0.48430,0.54705,-0.45983,-0.50472,
1564053913984147968,-0.27103,0.03584,0.08396,-0.48282,0.54825,-0.45847,-0.50607,
1564053914083939072,-0.27423,0.06846,0.08262,-0.48084,0.54985,-0.45672,-0.50781,
1564053914183939072,-0.27843,0.10571,0.08141,-0.47870,0.55162,-0.45440,-0.50997,
1564053914283938816,-0.28358,0.14523,0.08136,-0.47664,0.55343,-0.45180,-0.51225,
1564053914382849024,-0.28934,0.18520,0.08272,-0.47461,0.55535,-0.44909,-0.51445,
1564053914432848896,-0.29213,0.20527,0.08384,-0.47356,0.55630,-0.44770,-0.51559,
1564053914532848896,-0.29738,0.24457,0.08424,-0.47158,0.55796,-0.44539,-0.51761,
1564053914631986944,-0.30255,0.28095,0.08249,-0.46960,0.55939,-0.44340,-0.51957,
1564053914731986688,-0.30755,0.31272,0.08027,-0.46776,0.56072,-0.44169,-0.52125,
1564053914830226944,-0.31189,0.33856,0.07989,-0.46634,0.56183,-0.44014,-0.52265,
1564053914930226944,-0.31600,0.36057,0.08148,-0.46516,0.56294,-0.43854,-0.52385,
1564053915030226944,-0.31952,0.37897,0.08323,-0.46438,0.56375,-0.43713,-0.52483,
1564053915235104768,-0.32508,0.40767,0.08223,-0.46263,0.56507,-0.43513,-0.52662,
1564053915882247936,-0.33323,0.40069,0.05046,-0.46008,0.56403,-0.43656,-0.52878,
1564053915982247936,-0.33724,0.40086,0.02155,-0.45770,0.56275,-0.43870,-0.53044,
1564053916080103936,-0.34123,0.40212,-0.00641,-0.45513,0.56154,-0.44081,-0.53218,
1564053916180103936,-0.34523,0.40337,-0.02751,-0.45292,0.56073,-0.44229,-0.53369,
1564053916335269888,-0.35078,0.40422,-0.04710,-0.45083,0.55990,-0.44321,-0.53556,
1564053916535269888,-0.35547,0.40067,-0.06857,-0.44920,0.55862,-0.44451,-0.53719,
1564053917583809024,-0.34666,0.40099,-0.03919,-0.45061,0.56044,-0.44265,-0.53564,
1564053917683808768,-0.34077,0.40218,-0.00721,-0.45311,0.56212,-0.44052,-0.53353,
1564053917783809024,-0.33677,0.40369,0.02292,-0.45573,0.56349,-0.43831,-0.53166,
1564053917883343104,-0.33403,0.40440,0.04347,-0.45772,0.56448,-0.43654,-0.53037,
1564053918081803008,-0.32787,0.40319,0.06928,-0.45940,0.56593,-0.43458,-0.52897,
1564053918281803008,-0.31997,0.40499,0.10771,-0.46112,0.56867,-0.43135,-0.52719,
1564053918381836032,-0.31773,0.40672,0.13102,-0.46240,0.57019,-0.42883,-0.52647,
1564053918531835904,-0.31438,0.40763,0.16336,-0.46472,0.57177,-0.42580,-0.52517,
1564053918729990656,-0.30744,0.40703,0.19856,-0.46719,0.57360,-0.42357,-0.52279,
1564053918928968960,-0.30183,0.40805,0.23191,-0.46936,0.57537,-0.42100,-0.52097,
1564053919134303744,-0.29756,0.40850,0.27743,-0.47254,0.57767,-0.41715,-0.51865,
1564053919334303744,-0.29293,0.40813,0.31674,-0.47540,0.57970,-0.41424,-0.51609,
1564053919582597888,-0.28821,0.40979,0.35608,-0.47794,0.58181,-0.41123,-0.51377,
1564053919781655040,-0.28515,0.41072,0.39457,-0.48061,0.58368,-0.40823,-0.51154,
1564053920080839936,-0.28142,0.40897,0.43785,-0.48387,0.58559,-0.40501,-0.50884,
1564053920737536000,-0.26147,0.41681,0.42297,-0.48411,0.58603,-0.40439,-0.50861,
1564053920936826880,-0.23197,0.42299,0.38681,-0.48375,0.58573,-0.40461,-0.50911,
1564053921036826880,-0.21240,0.42699,0.36494,-0.48342,0.58557,-0.40530,-0.50906,
1564053921134754816,-0.19145,0.43293,0.34396,-0.48323,0.58559,-0.40560,-0.50898,
1564053921234754816,-0.16800,0.44117,0.32118,-0.48320,0.58573,-0.40515,-0.50920,
1564053921485901824,-0.10156,0.45899,0.25241,-0.48288,0.58617,-0.40454,-0.50949,
1564053921585901824,-0.07278,0.46534,0.22175,-0.48247,0.58632,-0.40496,-0.50937,
1564053921785111040,-0.01505,0.48030,0.15820,-0.48187,0.58628,-0.40536,-0.50967,
1564053921983627776,0.04171,0.49510,0.10144,-0.48218,0.58624,-0.40496,-0.50973,
1564053922182677760,0.09960,0.50913,0.04286,-0.48218,0.58630,-0.40519,-0.50949,
1564053922385554688,0.14605,0.52233,-0.01648,-0.48154,0.58592,-0.40600,-0.50989,
1564053922535554816,0.16122,0.52765,-0.03603,-0.48117,0.58593,-0.40633,-0.50996,
1564053923587147008,0.15279,0.52832,-0.01463,-0.48203,0.58637,-0.40478,-0.50987,
1564053923880838912,0.13652,0.52121,-0.00366,-0.48161,0.58609,-0.40569,-0.50987,
1564053924080838912,0.12134,0.51696,0.01487,-0.48186,0.58613,-0.40535,-0.50986,
1564053924283348736,0.10154,0.51102,0.03835,-0.48207,0.58626,-0.40504,-0.50975,
1564053924432619776,0.08641,0.50675,0.05180,-0.48186,0.58616,-0.40525,-0.50989,
1564053924631848960,0.06490,0.50198,0.07354,-0.48182,0.58625,-0.40513,-0.50994,
1564053924831848960,0.04021,0.49519,0.10026,-0.48198,0.58638,-0.40485,-0.50985,
1564053925030246656,0.01273,0.48630,0.12851,-0.48191,0.58639,-0.40499,-0.50980,
1564053925129659904,-0.00153,0.48243,0.14375,-0.48182,0.58646,-0.40499,-0.50979,
1564053925329659904,-0.03032,0.47527,0.17366,-0.48178,0.58652,-0.40480,-0.50992,
1564053925483548928,-0.05237,0.46900,0.19683,-0.48180,0.58648,-0.40486,-0.50991,
1564053925682141696,-0.08105,0.46126,0.22646,-0.48193,0.58641,-0.40482,-0.50990,
1564053925881718016,-0.11034,0.45382,0.25693,-0.48209,0.58629,-0.40478,-0.50992,
1564053926081717760,-0.13995,0.44574,0.28782,-0.48246,0.58606,-0.40474,-0.50985,
1564053926280584704,-0.16949,0.43808,0.31838,-0.48273,0.58586,-0.40473,-0.50984,
1564053926529702912,-0.18914,0.43252,0.34566,-0.48324,0.58607,-0.40411,-0.50960,
1564053927430671872,-0.16052,0.43940,0.31177,-0.48278,0.58601,-0.40447,-0.50982,
1564053927580672000,-0.13310,0.44570,0.28091,-0.48221,0.58620,-0.40491,-0.50980,
1564053927678974976,-0.11284,0.45211,0.25939,-0.48194,0.58647,-0.40469,-0.50991,
1564053927778974720,-0.09103,0.45882,0.23760,-0.48195,0.58666,-0.40438,-0.50993,
1564053927882932992,-0.06572,0.46536,0.21286,-0.48196,0.58684,-0.40429,-0.50978,
1564053927982932736,-0.03981,0.47163,0.18554,-0.48185,0.58682,-0.40452,-0.50972,
1564053928082932992,-0.01297,0.47850,0.15526,-0.48154,0.58679,-0.40476,-0.50987,
1564053928181790720,0.01396,0.48588,0.12496,-0.48137,0.58672,-0.40492,-0.50999,
1564053928281790976,0.04186,0.49392,0.09605,-0.48136,0.58665,-0.40494,-0.51006,
1564053928431604992,0.08391,0.50535,0.05490,-0.48151,0.58670,-0.40478,-0.50999,
1564053928531604992,0.11218,0.51256,0.02568,-0.48159,0.58669,-0.40477,-0.50993,
1564053928630537984,0.14042,0.51947,-0.00508,-0.48159,0.58654,-0.40497,-0.50994,
1564053928830537984,0.19216,0.53287,-0.06396,-0.48128,0.58631,-0.40549,-0.51008,
1564053928929368064,0.21132,0.53874,-0.08664,-0.48104,0.58629,-0.40568,-0.51019,
1564053929029367808,0.22525,0.54322,-0.10152,-0.48097,0.58640,-0.40562,-0.51018,
1564053930278727168,0.23671,0.52974,-0.10408,-0.48185,0.58609,-0.40576,-0.50959,
1564053930383368960,0.24042,0.51418,-0.10668,-0.48240,0.58539,-0.40706,-0.50884,
1564053930533368832,0.24582,0.48332,-0.10896,-0.48373,0.58405,-0.40913,-0.50746,
1564053930632598016,0.25065,0.45821,-0.10690,-0.48500,0.58317,-0.41045,-0.50618,
1564053930732598016,0.25590,0.43166,-0.10374,-0.48656,0.58229,-0.41174,-0.50465,
1564053930931302912,0.26538,0.37730,-0.10307,-0.48907,0.58040,-0.41481,-0.50188,
1564053931130571776,0.27372,0.32564,-0.10759,-0.49107,0.57839,-0.41819,-0.49944,
1564053931430050816,0.28479,0.25567,-0.10280,-0.49454,0.57592,-0.42181,-0.49581,
1564053931683043072,0.29251,0.20047,-0.10502,-0.49689,0.57379,-0.42516,-0.49305,
1564053931883042816,0.29791,0.15791,-0.10535,-0.49888,0.57208,-0.42781,-0.49074,
1564053932180537856,0.30546,0.09344,-0.10259,0.50230,-0.56942,0.43129,0.48729,
1564053932380538112,0.31029,0.05029,-0.10455,0.50405,-0.56769,0.43391,0.48517,
1564053932530093824,0.31348,0.01966,-0.10430,0.50525,-0.56665,0.43555,0.48365,
1564053933780498944,0.31347,0.01617,-0.10487,0.50569,-0.56624,0.43624,0.48306,
1564053933880498944,0.31184,0.02989,-0.10480,0.50505,-0.56688,0.43537,0.48376,
1564053933982192640,0.30942,0.05214,-0.10370,0.50412,-0.56782,0.43399,0.48486,
1564053934184842752,0.30134,0.12001,-0.10376,0.50130,-0.57032,0.43016,0.48827,
1564053934334842880,0.29266,0.18672,-0.10637,-0.49809,0.57283,-0.42649,-0.49181,
1564053934534008064,0.27786,0.28815,-0.10715,-0.49337,0.57666,-0.42072,-0.49703,
1564053934733935872,0.26068,0.39208,-0.10639,-0.48888,0.58041,-0.41466,-0.50217,
1564053934932260864,0.24479,0.48233,-0.10779,-0.48477,0.58341,-0.40965,-0.50678,
1564053935132260864,0.23683,0.52906,-0.10879,-0.48303,0.58443,-0.40711,-0.50929,
1564053935433842944,0.24071,0.50524,-0.10843,-0.48397,0.58391,-0.40875,-0.50769,
1564053935583842816,0.24302,0.48696,-0.10736,-0.48446,0.58388,-0.40938,-0.50674,
1564053935981423872,0.24163,0.49829,-0.11091,-0.48351,0.58428,-0.40888,-0.50759,
1564053936280009984,0.24765,0.46977,-0.10797,-0.48573,0.58247,-0.41034,-0.50638,
1564053936380009984,0.25385,0.43663,-0.10767,-0.48740,0.58125,-0.41239,-0.50450,
1564053936429155840,0.25740,0.41618,-0.10821,-0.48830,0.58054,-0.41364,-0.50343,
1564053936629155840,0.27349,0.31639,-0.11027,-0.49240,0.57711,-0.41974,-0.49830,
1564053936733793024,0.28152,0.27030,-0.10858,-0.49412,0.57587,-0.42237,-0.49581,
1564053937132401920,0.28187,0.26585,-0.10560,-0.49483,0.57562,-0.42212,-0.49559,
1564053937231244800,0.27874,0.28739,-0.10914,-0.49393,0.57604,-0.42177,-0.49631,
1564053937579795968,0.26821,0.28924,-0.10552,-0.49462,0.57510,-0.42229,-0.49626,
1564053937678594816,0.25835,0.27788,-0.09238,-0.49478,0.57510,-0.42249,-0.49593,
1564053937778595072,0.24812,0.27044,-0.07611,-0.49503,0.57535,-0.42251,-0.49539,
1564053937982880768,0.22233,0.26632,-0.04934,-0.49498,0.57548,-0.42227,-0.49548,
1564053938182078720,0.18974,0.26519,-0.02501,-0.49465,0.57513,-0.42270,-0.49586,
1564053938282078720,0.17136,0.26282,-0.00409,-0.49472,0.57517,-0.42257,-0.49586,
1564053938530490880,0.11778,0.25039,0.05608,-0.49523,0.57542,-0.42194,-0.49558,
1564053938630490880,0.09364,0.24330,0.07981,-0.49536,0.57528,-0.42203,-0.49554,
1564053938830501888,0.04374,0.23078,0.13154,-0.49512,0.57542,-0.42233,-0.49536,
1564053938928963072,0.01914,0.22639,0.15785,-0.49505,0.57549,-0.42222,-0.49545,
1564053939128963072,-0.02817,0.21870,0.20769,-0.49528,0.57542,-0.42172,-0.49572,
1564053939334210816,-0.07183,0.20981,0.25218,-0.49546,0.57508,-0.42205,-0.49565,
1564053939582763008,-0.12133,0.20093,0.30243,-0.49600,0.57468,-0.42196,-0.49566,
1564053939781679872,-0.15353,0.19335,0.33782,-0.49641,0.57466,-0.42177,-0.49544,
1564053939980409856,-0.17682,0.18819,0.36046,-0.49620,0.57472,-0.42192,-0.49544,
1564053941031443712,-0.19758,0.18519,0.36908,-0.49589,0.57438,-0.42219,-0.49593,
1564053941230701056,-0.20022,0.18219,0.33441,-0.49373,0.57255,-0.42501,-0.49778,
1564053941429690880,-0.20224,0.18237,0.30339,-0.49125,0.57116,-0.42768,-0.49954,
1564053941682966016,-0.20910,0.18401,0.27939,-0.48960,0.56982,-0.42887,-0.50166,
1564053941882965760,-0.22478,0.17909,0.24313,-0.48531,0.56663,-0.43367,-0.50530,
1564053941983090944,-0.23500,0.17638,0.21725,-0.48222,0.56435,-0.43704,-0.50790,
1564053942083090688,-0.24473,0.17439,0.19310,-0.47912,0.56224,-0.44027,-0.51037,
1564053942181419008,-0.25208,0.17344,0.17611,-0.47679,0.56062,-0.44257,-0.51236,
1564053942529473792,-0.25864,0.17195,0.15479,-0.47501,0.55895,-0.44444,-0.51421,
1564053942729618688,-0.26112,0.17053,0.13240,-0.47345,0.55779,-0.44616,-0.51542,
1564053943032753664,-0.25260,0.17484,0.11305,-0.47316,0.55792,-0.44618,-0.51553,
1564053943132753920,-0.24089,0.17769,0.11612,-0.47521,0.55932,-0.44401,-0.51399,
1564053943231909888,-0.22129,0.18108,0.12372,-0.47878,0.56205,-0.44049,-0.51072,
1564053943331909888,-0.19718,0.18574,0.13896,-0.48333,0.56538,-0.43570,-0.50685,
1564053943381909760,-0.18524,0.18832,0.14824,-0.48582,0.56733,-0.43305,-0.50457,
1564053943481436928,-0.16274,0.19341,0.16698,-0.49085,0.57101,-0.42768,-0.50010,
1564053943581436928,-0.13980,0.19835,0.18270,-0.49599,0.57454,-0.42221,-0.49562,
1564053943780391936,-0.09633,0.20531,0.20544,0.50542,-0.58071,0.41259,0.48692,
1564053943880391936,-0.07660,0.20868,0.21372,0.50938,-0.58364,0.40820,0.48298,
1564053943979750912,-0.05846,0.21263,0.22015,0.51302,-0.58626,0.40403,0.47945,
1564053944079750656,-0.04349,0.21631,0.22346,0.51607,-0.58850,0.40032,0.47654,
1564053944179750912,-0.03022,0.21915,0.22301,0.51880,-0.59039,0.39712,0.47390,
1564053944383411968,-0.00310,0.22399,0.21288,0.52362,-0.59372,0.39161,0.46900,
1564053944532490752,0.01724,0.22876,0.20552,0.52678,-0.59633,0.38751,0.46554,
1564053944632490752,0.03114,0.23242,0.20311,0.52934,-0.59809,0.38428,0.46305,
1564053944730969856,0.04443,0.23542,0.20253,0.53203,-0.59993,0.38087,0.46040,
1564053944830969856,0.05850,0.23747,0.20263,0.53482,-0.60182,0.37749,0.45748,
1564053945031208960,0.08594,0.24134,0.19921,0.54013,-0.60546,0.37102,0.45169,
1564053945131208960,0.09843,0.24403,0.19611,0.54255,-0.60718,0.36787,0.44906,
1564053945328900864,0.12243,0.24968,0.19199,0.54746,-0.61056,0.36139,0.44373,
1564053945428900608,0.13383,0.25183,0.19075,0.55003,-0.61227,0.35811,0.44085,
1564053945583321856,0.15051,0.25479,0.18792,0.55372,-0.61479,0.35323,0.43664,
1564053945782345728,0.16852,0.25852,0.17923,0.55752,-0.61748,0.34796,0.43222,
1564053945981246720,0.18384,0.26214,0.16526,0.56057,-0.61958,0.34376,0.42862,
1564053946181246720,0.19806,0.26513,0.15034,0.56347,-0.62153,0.33974,0.42518,
1564053946379596032,0.21001,0.26726,0.13816,0.56634,-0.62339,0.33582,0.42174,
1564053946630977024,0.21883,0.26882,0.12460,0.56843,-0.62479,0.33290,0.41916,
1564053947778799872,0.20629,0.26603,0.10673,0.56594,-0.62300,0.33636,0.42241,
1564053947878799872,0.20023,0.26432,0.09156,0.56395,-0.62168,0.33917,0.42479,
1564053948083488000,0.18660,0.26276,0.06233,0.55958,-0.61900,0.34509,0.42968,
1564053948382332928,0.16550,0.25962,0.03149,0.55442,-0.61535,0.35205,0.43592,
1564053948631302912,0.14470,0.25354,-0.01405,0.54926,-0.61160,0.35932,0.44175,
1564053948830739968,0.12304,0.24989,-0.07366,0.54336,-0.60762,0.36697,0.44822,
1564053949232564992,0.09133,0.24656,-0.11205,0.53557,-0.60244,0.37644,0.45666,
1564053949332564736,0.08223,0.24409,-0.12192,0.53398,-0.60096,0.37845,0.45879,
1564053949581763072,0.06253,0.23567,-0.16278,0.52764,-0.59670,0.38708,0.46445,
1564053949780825856,0.05967,0.23757,-0.13773,0.52599,-0.59607,0.38870,0.46578,
1564053949980401920,0.06273,0.24217,-0.06891,0.52906,-0.59781,0.38437,0.46366,
1564053950180401920,0.06558,0.23927,-0.01762,0.53095,-0.59873,0.38288,0.46155,
1564053950483354112,0.06484,0.23881,0.05246,0.53141,-0.59949,0.38235,0.46047,
1564053950633353984,0.06428,0.24077,0.11757,0.53340,-0.60072,0.37969,0.45876,
1564053950832594944,0.05858,0.23940,0.19575,0.53511,-0.60160,0.37762,0.45733,
1564053951030571008,0.04118,0.23351,0.23913,0.53338,-0.60040,0.38020,0.45877,
1564053951330173696,-0.00249,0.22530,0.27003,0.52662,-0.59550,0.38857,0.46591,
1564053951579521024,-0.04338,0.21625,0.28218,0.51972,-0.59043,0.39715,0.47282,
1564053951679520768,-0.05989,0.21326,0.28583,0.51671,-0.58837,0.40060,0.47577,
1564053951783809792,-0.07742,0.21043,0.28968,0.51370,-0.58614,0.40410,0.47881,
1564053951883809792,-0.09443,0.20724,0.29321,0.51087,-0.58407,0.40737,0.48159,
1564053951981810944,-0.11162,0.20358,0.29401,0.50808,-0.58187,0.41075,0.48431,
1564053952081810944,-0.12940,0.19968,0.28922,0.50488,-0.57945,0.41450,0.48737,
1564053952381051904,-0.15371,0.19464,0.26429,-0.49825,0.57479,-0.42213,-0.49313,
1564053953681093888,-0.14222,0.19962,0.26450,0.50050,-0.57639,0.41949,0.49123,
1564053953879981824,-0.12737,0.20289,0.25540,0.50290,-0.57786,0.41690,0.48925,
1564053954079031040,-0.10650,0.20627,0.25524,0.50631,-0.58044,0.41322,0.48579,
1564053954283304960,-0.08867,0.21070,0.24989,0.51001,-0.58287,0.40887,0.48268,
1564053954433305088,-0.07615,0.21215,0.23556,0.51180,-0.58413,0.40686,0.48095,
1564053954632020992,-0.05867,0.21518,0.21138,0.51367,-0.58557,0.40488,0.47888,
1564053954830910976,-0.04286,0.21942,0.19087,0.51585,-0.58718,0.40199,0.47700,
1564053955029438976,-0.02742,0.22183,0.17048,0.51823,-0.58880,0.39926,0.47471,
1564053955228851200,-0.01152,0.22556,0.14375,0.52005,-0.59029,0.39696,0.47278,
1564053955428850944,0.00245,0.22909,0.12034,0.52200,-0.59173,0.39450,0.47089,
1564053955583088896,0.01268,0.23090,0.10548,0.52361,-0.59290,0.39262,0.46921,
1564053957579778048,0.02449,0.23185,0.08863,0.52345,-0.59131,0.39280,0.47123,
1564053958931207936,0.03149,0.21808,0.06605,0.52192,-0.59094,0.39630,0.47045,
1564053959029772800,0.02697,0.22788,0.03563,0.51854,-0.59244,0.39857,0.47039,
1564053959129772800,0.02499,0.24424,-0.00691,0.51384,-0.59443,0.40150,0.47055,
1564053959229772800,0.02342,0.26247,-0.04376,0.50884,-0.59669,0.40475,0.47034,
1564053959484333056,0.01689,0.30486,-0.10123,-0.49891,0.60377,-0.40870,-0.46853,
1564053959583056896,0.01397,0.31058,-0.12179,-0.49676,0.60554,-0.41001,-0.46738,
1564053959783941120,0.01226,0.30697,-0.15383,-0.49340,0.60727,-0.41392,-0.46524,
1564053959983941120,0.01810,0.31147,-0.17286,-0.49086,0.60757,-0.41639,-0.46533,
1564053960733011712,0.02608,0.30631,-0.18663,-0.49078,0.60311,-0.41832,-0.46947,
1564053960932125184,0.02830,0.31386,-0.16848,-0.49255,0.60131,-0.41589,-0.47207,
1564053961031388928,0.02996,0.30644,-0.15151,-0.49495,0.59997,-0.41429,-0.47268,
1564053961131388928,0.03291,0.29160,-0.13687,-0.49748,0.59821,-0.41360,-0.47286,
1564053961231388928,0.03577,0.27640,-0.12772,-0.49951,0.59631,-0.41362,-0.47310,
1564053961578910208,0.04304,0.26997,-0.09784,0.50381,-0.59137,0.41114,0.47689,
1564053961782265856,0.04361,0.27128,-0.06857,0.50733,-0.58878,0.40754,0.47944,
1564053961982265856,0.04961,0.25135,-0.04038,0.51169,-0.58539,0.40549,0.48070,
1564053962082601984,0.05253,0.23846,-0.02831,0.51372,-0.58371,0.40487,0.48109,
1564053962280850944,0.05359,0.22221,-0.02432,0.51501,-0.58263,0.40542,0.48056,
1564053962430851072,0.05146,0.22783,-0.03822,0.51407,-0.58218,0.40596,0.48165,
1564053962729804032,0.05094,0.24822,-0.08809,0.50839,-0.58441,0.40964,0.48186,
1564053962829015040,0.05019,0.25351,-0.15431,0.50179,-0.58433,0.41584,0.48356,
1564053962929015040,0.05216,0.26294,-0.23355,-0.49380,0.58377,-0.42332,-0.48598,
1564053963132605696,0.05674,0.30048,-0.34491,-0.47891,0.58539,-0.43423,-0.48930,
1564053963332599808,0.04947,0.33890,-0.34963,-0.47491,0.58694,-0.43326,-0.49219,
1564053963482599680,0.05123,0.32283,-0.30678,-0.48044,0.58714,-0.42938,-0.48998,
1564053963681166848,0.05864,0.26611,-0.28304,-0.48545,0.58510,-0.43108,-0.48597,
1564053963879889920,0.05712,0.27132,-0.33147,-0.48073,0.58507,-0.43459,-0.48757,
1564053963979889920,0.05274,0.30059,-0.34312,-0.47800,0.58613,-0.43394,-0.48955,
1564053964178569984,0.05047,0.34071,-0.31885,-0.47963,0.58718,-0.43022,-0.48998,
1564053964282443008,0.05104,0.32488,-0.30959,-0.48234,0.58600,-0.43070,-0.48832,
1564053964532560896,0.05761,0.26488,-0.32549,-0.48358,0.58354,-0.43514,-0.48610,
1564053964732560896,0.05524,0.28926,-0.32348,-0.48081,0.58579,-0.43312,-0.48793,
1564053964930201088,0.05017,0.32780,-0.31729,-0.48030,0.58692,-0.43016,-0.48969,
1564053965130629888,0.05163,0.30632,-0.32560,-0.48180,0.58480,-0.43344,-0.48787,
1564053965582756096,0.05422,0.29591,-0.34419,-0.47969,0.58708,-0.43497,-0.48584,
1564053965682755840,0.05115,0.30647,-0.38865,-0.47520,0.58725,-0.43846,-0.48691,
1564053965881523968,0.04498,0.33101,-0.47202,-0.46522,0.58761,-0.44540,-0.48980,
1564053966081531136,0.04692,0.34227,-0.44159,-0.46650,0.58864,-0.44297,-0.48956,
1564053966181530880,0.04880,0.33101,-0.40862,-0.47011,0.58904,-0.44010,-0.48819,
1564053966279307776,0.04988,0.31239,-0.39164,-0.47271,0.58858,-0.43910,-0.48714,
1564053966429307904,0.05217,0.28806,-0.40939,-0.47212,0.58763,-0.44201,-0.48623,
1564053966628113152,0.04985,0.30685,-0.44621,-0.46725,0.58783,-0.44515,-0.48782,
1564053966728112896,0.04698,0.33046,-0.44284,-0.46625,0.58876,-0.44379,-0.48889,
1564053966932303872,0.04624,0.34407,-0.41539,-0.46962,0.58911,-0.43996,-0.48872,
1564053967131754752,0.04992,0.29976,-0.42058,-0.47139,0.58724,-0.44335,-0.48619,
1564053967231755008,0.05138,0.28813,-0.43008,-0.47059,0.58676,-0.44481,-0.48622,
1564053967430707968,0.04999,0.31550,-0.40495,-0.46998,0.58831,-0.44023,-0.48909,
1564053967480707840,0.04900,0.32568,-0.38935,-0.47094,0.58870,-0.43815,-0.48956,
1564053967580737792,0.04869,0.33874,-0.35823,-0.47339,0.58967,-0.43396,-0.48976,
1564053967680737792,0.04943,0.33359,-0.34350,-0.47571,0.58949,-0.43303,-0.48856,
1564053967779569920,0.04882,0.31315,-0.35722,-0.47704,0.58716,-0.43621,-0.48724,
1564053967979569920,0.05290,0.28866,-0.37390,-0.47676,0.58426,-0.43951,-0.48803,
1564053968082980864,0.05637,0.29637,-0.33783,-0.47889,0.58534,-0.43568,-0.48808,
1564053968182980864,0.05516,0.30846,-0.28882,-0.48309,0.58611,-0.43035,-0.48774,
1564053968281292800,0.05076,0.31487,-0.24794,-0.48746,0.58585,-0.42507,-0.48834,
1564053968431292672,0.04730,0.29502,-0.21717,-0.49294,0.58302,-0.42366,-0.48745,
1564053968530812672,0.05276,0.27396,-0.20662,-0.49515,0.58130,-0.42416,-0.48683,
1564053968730812672,0.06050,0.25503,-0.16469,-0.49997,0.57983,-0.42169,-0.48580,
1564053969229038080,0.05470,0.25479,-0.15411,0.50262,-0.57863,0.42012,0.48586,
1564053969482322944,0.05464,0.26750,-0.14767,0.50226,-0.57945,0.41952,0.48578,
1564053969980499968,0.05920,0.25498,-0.17716,0.50127,-0.57641,0.42293,0.48745,
1564053970080542208,0.05905,0.26043,-0.19309,-0.49942,0.57579,-0.42407,-0.48909,
1564053970280541952,0.05720,0.27528,-0.18093,-0.49971,0.57662,-0.42182,-0.48977,
1564053970478658816,0.05732,0.27112,-0.16013,0.50177,-0.57712,0.42017,0.48849,
1564053970733062144,0.05590,0.25686,-0.15806,0.50243,-0.57803,0.42114,0.48588,
1564053970831418880,0.05461,0.25744,-0.13791,0.50388,-0.57931,0.41937,0.48440,
1564053970931418880,0.05424,0.26007,-0.11297,0.50588,-0.58091,0.41662,0.48276,
1564053971230750720,0.04570,0.26054,-0.08541,0.50846,-0.58322,0.41351,0.47993,
1564053971429978880,0.04562,0.25963,-0.06568,0.51013,-0.58520,0.41190,0.47712,
1564053971581955840,0.04018,0.26100,-0.04050,0.51214,-0.58693,0.40907,0.47526,
1564053971985026816,0.03057,0.25227,0.00495,0.51648,-0.59047,0.40483,0.46980,
1564053972284666112,0.01972,0.25729,0.04421,0.51945,-0.59353,0.40034,0.46650,
1564053972535389952,0.01253,0.25276,0.07449,0.52281,-0.59478,0.39733,0.46372,
1564053973481335040,-0.00115,0.25194,0.11500,0.52593,-0.59800,0.39315,0.45959,
1564053974179351808,-0.01616,0.26004,0.16637,0.52915,-0.60137,0.38688,0.45681,
1564053974383048960,-0.01386,0.24015,0.14550,0.52881,-0.60002,0.39006,0.45628,
1564053974831102976,-0.01428,0.26269,0.14620,0.52748,-0.60121,0.38889,0.45724,
1564053975130395904,-0.00992,0.24041,0.13548,0.52759,-0.59994,0.39170,0.45639,
1564053975582611712,-0.01433,0.25828,0.14572,0.52755,-0.60098,0.38910,0.45729,
1564053977131389952,0.00957,0.23322,0.11978,0.52765,-0.59284,0.39381,0.46373,
1564053977579239936,0.01817,0.21093,0.16045,0.53382,-0.58722,0.38993,0.46708,
1564053977878902016,0.02723,0.18439,0.17339,0.53723,-0.58229,0.39027,0.46905,
1564053978282601984,0.02167,0.17361,0.21768,0.54244,-0.57766,0.38477,0.47331,
1564053978531492864,0.01818,0.15824,0.24533,0.54627,-0.57413,0.38172,0.47566,
1564053979332551680,0.00995,0.17335,0.20423,0.54144,-0.57752,0.38515,0.47432,
1564053979482551808,0.00499,0.19982,0.14965,0.53496,-0.58063,0.38932,0.47447,
1564053979582020096,0.00604,0.22020,0.12865,0.53056,-0.58378,0.39168,0.47359,
1564053979682019840,0.00656,0.23932,0.11299,0.52744,-0.58667,0.39332,0.47214,
1564053979782019840,0.00463,0.25520,0.09821,0.52510,-0.58921,0.39400,0.47103,
1564053979981455104,0.00517,0.26596,0.06692,0.52074,-0.59351,0.39736,0.46764,
1564053980180384768,0.01188,0.26797,0.02478,0.51574,-0.59726,0.40294,0.46361,
1564053980280384768,0.01301,0.27588,0.00191,0.51276,-0.59947,0.40545,0.46188,
1564053980378397696,0.01237,0.28838,-0.01636,0.50948,-0.60213,0.40708,0.46060,
1564053980633130752,0.01037,0.32784,-0.05158,0.50245,-0.60883,0.40915,0.45768,
1564053981031506944,0.00385,0.33900,-0.02972,0.50176,-0.61495,0.40788,0.45134,
1564053981131547904,-0.00062,0.33660,-0.00054,0.50413,-0.61668,0.40503,0.44890,
1564053981231547904,-0.00643,0.33493,0.02936,0.50711,-0.61764,0.40193,0.44701,
1564053981679325952,-0.00299,0.33175,0.00235,0.50564,-0.61634,0.40584,0.44693,
1564053981882807808,-0.00655,0.35442,0.02009,0.50505,-0.61809,0.40330,0.44748,
1564053982082807808,-0.00535,0.34223,0.05028,0.50978,-0.61612,0.39959,0.44815,
1564053982182782976,-0.00066,0.31915,0.04932,0.51080,-0.61414,0.40132,0.44817,
1564053982729645056,0.01352,0.32102,0.08224,0.51469,-0.60801,0.39731,0.45559,
1564053982928960768,0.01959,0.28874,0.10018,0.51907,-0.60370,0.39801,0.45574,
1564053983132948992,0.02762,0.26148,0.12209,0.52329,-0.59966,0.39757,0.45663,
1564053983431087872,0.02792,0.26239,0.16812,0.52828,-0.59604,0.39212,0.46033,
1564053983681921024,0.03356,0.24511,0.19823,0.53308,-0.59166,0.38965,0.46253,
1564053983880881664,0.03938,0.22022,0.22894,0.53771,-0.58815,0.38778,0.46322,
1564053984080881920,0.04054,0.19781,0.25751,0.54209,-0.58471,0.38540,0.46445,
1564053984387254016,0.03806,0.18121,0.29888,0.54702,-0.58074,0.38102,0.46727,
1564053985132123904,0.03244,0.20272,0.23141,0.53938,-0.58500,0.38693,0.46597,
1564053985232124160,0.03024,0.22001,0.19021,0.53462,-0.58701,0.39008,0.46630,
1564053985332123904,0.03051,0.24156,0.16382,0.53000,-0.59005,0.39245,0.46575,
1564053985430566144,0.02965,0.26242,0.14770,0.52642,-0.59313,0.39387,0.46470,
1564053985580566016,0.02494,0.28794,0.12164,0.52216,-0.59711,0.39512,0.46335,
1564053985682299904,0.02315,0.29540,0.09731,0.51955,-0.59899,0.39698,0.46227,
1564053985881780736,0.02680,0.29517,0.04628,0.51366,-0.60247,0.40322,0.45890,
1564053985981780992,0.02865,0.30010,0.02038,0.51056,-0.60443,0.40623,0.45714,
1564053986180136960,0.02685,0.32707,-0.02538,0.50408,-0.60876,0.40983,0.45535,
1564053986280136704,0.02451,0.34240,-0.03858,0.50171,-0.61039,0.41006,0.45559,
1564053986728205056,0.03058,0.32641,-0.05516,0.50079,-0.60995,0.41349,0.45408,
